-- phpMyAdmin SQL Dump
-- version 4.9.2
-- https://www.phpmyadmin.net/
--
-- Host: 127.0.0.1
-- Generation Time: Apr 29, 2021 at 04:34 PM
-- Server version: 10.4.10-MariaDB
-- PHP Version: 7.3.12

SET SQL_MODE = "NO_AUTO_VALUE_ON_ZERO";
SET AUTOCOMMIT = 0;
START TRANSACTION;
SET time_zone = "+00:00";


/*!40101 SET @OLD_CHARACTER_SET_CLIENT=@@CHARACTER_SET_CLIENT */;
/*!40101 SET @OLD_CHARACTER_SET_RESULTS=@@CHARACTER_SET_RESULTS */;
/*!40101 SET @OLD_COLLATION_CONNECTION=@@COLLATION_CONNECTION */;
/*!40101 SET NAMES utf8mb4 */;

--
-- Database: `geo_data`
--

-- --------------------------------------------------------

--
-- Table structure for table `districts`
--

CREATE TABLE `districts` (
  `id` int(11) NOT NULL,
  `name` varchar(100) NOT NULL,
  `region_id` int(11) NOT NULL
) ENGINE=InnoDB DEFAULT CHARSET=utf8mb4;

--
-- Dumping data for table `districts`
--

INSERT INTO `districts` (`id`, `name`, `region_id`) VALUES
(1, 'Meru District', 1),
(2, 'Arusha City', 1),
(3, 'Arusha District', 1),
(4, 'Karatu District', 1),
(5, 'Longido District', 1),
(6, 'Monduli District', 1),
(7, 'Ngorongoro District', 1),
(8, 'Ilala Municipal', 2),
(9, 'Kinondoni Municipal', 2),
(10, 'Temeke Municipal', 2),
(11, 'Kigamboni Municipal', 2),
(12, 'Ubungo Municipal', 2),
(13, 'Bahi District', 3),
(14, 'Chamwino District', 3),
(15, 'Chemba District', 3),
(16, 'Dodoma Municipal', 3),
(17, 'Kondoa District', 3),
(18, 'Kongwa District', 3),
(19, 'Mpwapwa District', 3),
(20, 'Bukombe District', 4),
(21, 'Chato District', 4),
(22, 'Geita Town', 4),
(23, 'Mbogwe District', 4),
(24, 'Nyang\'hwale District', 4),
(25, 'Iringa District', 5),
(26, 'Iringa Municipal', 5),
(27, 'Kilolo District', 5),
(28, 'Mafinga Town', 5),
(29, 'Mufindi District', 5),
(30, 'Biharamulo District', 6),
(31, 'Bukoba District', 6),
(32, 'Bukoba Municipal', 6),
(33, 'Karagwe District', 6),
(34, 'Kyerwa District', 6),
(35, 'Missenyi District', 6),
(36, 'Muleba District', 6),
(37, 'Ngara District', 6),
(38, 'Mlele District', 7),
(39, 'Mpanda District', 7),
(40, 'Mpanda Town', 7),
(41, 'Buhigwe District', 8),
(42, 'Kakonko District', 8),
(43, 'Kasulu District', 8),
(44, 'Kasulu Town', 8),
(45, 'Kibondo District', 8),
(46, 'Kigoma District', 8),
(47, 'Kigoma-Ujiji Municipal', 8),
(48, 'Uvinza District', 8),
(49, 'Hai District', 9),
(50, 'Moshi District', 9),
(51, 'Moshi Municipal', 9),
(52, 'Mwanga District', 9),
(53, 'Rombo District', 9),
(54, 'Same District', 9),
(55, 'Siha District', 9),
(56, 'Chake Chake District', 19),
(57, 'Mkoani District', 19),
(58, 'Kati District', 31),
(59, 'Kusini District', 31),
(60, 'Kilwa District', 10),
(61, 'Lindi District', 10),
(62, 'Lindi Municipal', 10),
(63, 'Liwale District', 10),
(64, 'Nachingwea District', 10),
(65, 'Ruangwa District', 10),
(66, 'Babati Town', 11),
(67, 'Babati District', 11),
(68, 'Hanang District', 11),
(69, 'Kiteto District', 11),
(70, 'Mbulu District', 11),
(71, 'Simanjiro District', 11),
(72, 'Bunda District', 12),
(73, 'Butiama District', 12),
(74, 'Musoma District', 12),
(75, 'Musoma Municipal', 12),
(76, 'Rorya District', 12),
(77, 'Serengeti District', 12),
(78, 'Tarime District', 12),
(79, 'Busokelo District', 13),
(80, 'Chunya District', 13),
(81, 'Kyela District', 13),
(82, 'Mbarali City', 13),
(83, 'Mbeya District', 13),
(84, 'Mbeya District', 13),
(85, 'Rungwe', 13),
(86, 'Magharibi District', 30),
(87, 'Mjini District', 30),
(88, 'Gairo District', 14),
(89, 'Kilombero District', 14),
(90, 'Kilosa District', 14),
(91, 'Morogoro District', 14),
(92, 'Morogoro Municipal', 14),
(93, 'Mvomero District', 14),
(94, 'Ulanga District', 14),
(95, 'Malinyi District', 14),
(96, 'Ifakara Township', 14),
(97, 'Masasi District', 15),
(98, 'Masasi Town', 15),
(99, 'Mtwara District', 15),
(100, 'Mtwara Municipal', 15),
(101, 'Nanyumbu District', 15),
(102, 'Newala District', 15),
(103, 'Tandahimba District', 15),
(104, 'Ilemela Municipal', 16),
(105, 'Kwimba District', 16),
(106, 'Magu District', 16),
(107, 'Misungwi District', 16),
(108, 'Nyamagana Municipal', 16),
(109, 'Sengerema District', 16),
(110, 'Ukerewe District', 16),
(111, 'Ludewa District', 17),
(112, 'Makambako Town', 17),
(113, 'Makete District', 17),
(114, 'Njombe District', 17),
(115, 'Njombe Town', 17),
(116, 'Wanging\'ombe District', 17),
(117, 'Bagamoyo District', 20),
(118, 'Kibaha District', 20),
(119, 'Kibaha Town', 20),
(120, 'Kisarawe District', 20),
(121, 'Mafia District', 20),
(122, 'Mkuranga District', 20),
(123, 'Rufiji District', 20),
(124, 'Kalambo District', 21),
(125, 'Nkasi District', 21),
(126, 'Sumbawanga District', 21),
(127, 'Sumbawanga Municipal', 21),
(128, 'Mbinga District', 22),
(129, 'Songea District', 22),
(130, 'Songea Municipal', 22),
(131, 'Tunduru District', 22),
(132, 'Namtumbo District', 22),
(133, 'Nyasa District', 22),
(134, 'Kahama Town', 23),
(135, 'Kahama District', 23),
(136, 'Kishapu District', 23),
(137, 'Shinyanga District', 23),
(138, 'Shinyanga Municipal', 23),
(139, 'Bariadi District', 24),
(140, 'Busega District', 24),
(141, 'Itilima District', 24),
(142, 'Maswa District', 24),
(143, 'Meatu District', 24),
(144, 'Ikungi District', 25),
(145, 'Iramba District', 25),
(146, 'Manyoni District', 25),
(147, 'Mkalama District', 25),
(148, 'Singida District', 25),
(149, 'Singida Municipal', 25),
(150, 'Ileje District', 26),
(151, 'Mbozi District', 26),
(152, 'Momba District', 26),
(153, 'Songwe District', 26),
(154, 'Igunga District', 27),
(155, 'Kaliua District', 27),
(156, 'Nzega District', 27),
(157, 'Sikonge District', 27),
(158, 'Tabora Municipal', 27),
(159, 'Urambo District', 27),
(160, 'Uyui District', 27),
(161, 'Handeni District', 28),
(162, 'Handeni Town', 28),
(163, 'Kilindi District', 28),
(164, 'Korogwe Town', 28),
(165, 'Korogwe District', 28),
(166, 'Lushoto District', 28),
(167, 'Muheza District', 28),
(168, 'Mkinga District', 28),
(169, 'Pangani District', 28),
(170, 'Tanga City', 28),
(171, 'Kaskazini A District', 29),
(172, 'Kaskazini B District', 29),
(173, 'Micheweni District', 19),
(174, 'Wete District', 19),
(175, 'Unguja Magharibi District', 30),
(176, 'Unguja Mjini District', 30);

-- --------------------------------------------------------

--
-- Table structure for table `regions`
--

CREATE TABLE `regions` (
  `id` int(11) NOT NULL,
  `name` varchar(100) NOT NULL
) ENGINE=InnoDB DEFAULT CHARSET=utf8mb4;

--
-- Dumping data for table `regions`
--

INSERT INTO `regions` (`id`, `name`) VALUES
(1, 'Arusha'),
(2, 'Dar es Salaam'),
(3, 'Dodoma'),
(4, 'Geita'),
(5, 'Iringa'),
(6, 'Kagera'),
(7, 'Katavi'),
(8, 'Kigoma'),
(9, 'Kilimanjaro'),
(10, 'Lindi'),
(11, 'Manyara'),
(12, 'Mara'),
(13, 'Mbeya'),
(14, 'Morogoro'),
(15, 'Mtwara'),
(16, 'Mwanza'),
(17, 'Njombe'),
(18, 'Pemba Kaskazini'),
(19, 'Pemba Kusini'),
(20, 'Pwani'),
(21, 'Rukwa'),
(22, 'Ruvuma'),
(23, 'Shinyanga'),
(24, 'Simiyu'),
(25, 'Singida'),
(26, 'Songwe'),
(27, 'Tabora'),
(28, 'Tanga'),
(29, 'Unguja Kaskazini'),
(30, 'Unguja Mjini Magharibi'),
(31, 'Unguja Kusini');

-- --------------------------------------------------------

--
-- Table structure for table `wards`
--

CREATE TABLE `wards` (
  `id` int(11) NOT NULL,
  `name` varchar(100) NOT NULL,
  `district_id` int(11) NOT NULL
) ENGINE=InnoDB DEFAULT CHARSET=utf8mb4;

--
-- Dumping data for table `wards`
--

INSERT INTO `wards` (`id`, `name`, `district_id`) VALUES
(1, 'Babayu', 13),
(2, 'Bahi', 13),
(3, 'Chali', 13),
(4, 'Chibelela', 13),
(5, 'Chikola', 13),
(6, 'Chipanga', 13),
(7, 'Ibihwa', 13),
(8, 'Ibugule', 13),
(9, 'Ilindi', 13),
(10, 'Kigwe', 13),
(11, 'Lamaiti', 13),
(12, 'Makanda', 13),
(13, 'Mpalanga', 13),
(14, 'Mpamantwa', 13),
(15, 'Msisi', 13),
(16, 'Mtitaa', 13),
(17, 'Mundemu', 13),
(18, 'Mwitikira', 13),
(19, 'Nondwa', 13),
(20, 'Zanka', 13),
(21, 'Buigiri', 14),
(22, 'Chiboli', 14),
(23, 'Chilonwa', 14),
(24, 'Chinugulu', 14),
(25, 'Dabalo', 14),
(26, 'Fufu', 14),
(27, 'Handali', 14),
(28, 'Haneti', 14),
(29, 'Huzi', 14),
(30, 'Idifu', 14),
(31, 'Igandu', 14),
(32, 'Ikowa', 14),
(33, 'Iringa Mvumi Zamani', 14),
(34, 'Itiso', 14),
(35, 'Loje', 14),
(36, 'Majeleko', 14),
(37, 'Makang\'wa', 14),
(38, 'Manchali', 14),
(39, 'Manda', 14),
(40, 'Manzase', 14),
(41, 'Membe', 14),
(42, 'Mlowa Bwawani', 14),
(43, 'Mpwayungu', 14),
(44, 'Msamalo', 14),
(45, 'Msanga', 14),
(46, 'Muungano', 14),
(47, 'Mvumi Makulu', 14),
(48, 'Mvumi Mission', 14),
(49, 'Nghambaku', 14),
(50, 'Nhinhi', 14),
(51, 'Segala', 14),
(52, 'Zajilwa', 14),
(53, 'Chandama', 15),
(54, 'Chemba', 15),
(55, 'Churuku', 15),
(56, 'Dalai', 15),
(57, 'Farkwa', 15),
(58, 'Goima', 15),
(59, 'Gwandi', 15),
(60, 'Jangalo', 15),
(61, 'Kimaha', 15),
(62, 'Kwamtoro', 15),
(63, 'Lalta', 15),
(64, 'Makorongo', 15),
(65, 'Mondo', 15),
(66, 'Mpendo', 15),
(67, 'Mrijo', 15),
(68, 'Msaada', 15),
(69, 'Ovada', 15),
(70, 'Paranga', 15),
(71, 'Sanzawa', 15),
(72, 'Songoro', 15),
(73, 'Chahwa', 16),
(74, 'Chamwino', 16),
(75, 'Chang\'ombe', 16),
(76, 'Chigongwe', 16),
(77, 'Chihanga', 16),
(78, 'Dodoma Makulu (Dom-Makulu)', 16),
(79, 'Hazina', 16),
(80, 'Hombolo', 16),
(81, 'Ipagala', 16),
(82, 'Ipala', 16),
(83, 'Iyumbu', 16),
(84, 'Kikombo', 16),
(85, 'Kikuyu Kaskazini ', 16),
(86, 'Kikuyu Kusini', 16),
(87, 'Kilimani', 16),
(88, 'Kiwanja cha Ndege', 16),
(89, 'Kizota', 16),
(90, 'Madukani', 16),
(91, 'Majengo', 16),
(92, 'Makole', 16),
(93, 'Makutupora', 16),
(94, 'Mbabala', 16),
(95, 'Mbalawala', 16),
(96, 'Miyuji', 16),
(97, 'Mkonze', 16),
(98, 'Mnadani', 16),
(99, 'Mpunguzi', 16),
(100, 'Msalato', 16),
(101, 'Mtumba', 16),
(102, 'Nala', 16),
(103, 'Ng\'hong\'honha', 16),
(104, 'Ntyuka', 16),
(105, 'Nzuguni', 16),
(106, 'Tambukareli', 16),
(107, 'Uhuru', 16),
(108, 'Viwandani', 16),
(109, 'Zuzu', 16),
(110, 'Bukoko', 154),
(111, 'Chabutwa', 154),
(112, 'Choma', 154),
(113, 'Igoweko (Igowero)', 154),
(114, 'Igunga', 154),
(115, 'Igurubi', 154),
(116, 'Isakamaliwa', 154),
(117, 'Itumba', 154),
(118, 'Itunduru', 154),
(119, 'Kining\'ila (Kining\'inila)', 154),
(120, 'Kinungu', 154),
(121, 'Mbutu', 154),
(122, 'Mwamashiga', 154),
(123, 'Mwamashimba', 154),
(124, 'Mwashiku', 154),
(125, 'Mwisi', 154),
(126, 'Nanga', 154),
(127, 'Ndembezi', 154),
(128, 'Ngulu', 154),
(129, 'Nguvumoja', 154),
(130, 'Nkinga', 154),
(131, 'Ntobo', 154),
(132, 'Nyandekwa', 154),
(133, 'Simbo', 154),
(134, 'Sungwizi', 154),
(135, 'Ziba', 154),
(136, 'Dung\'unyi', 144),
(137, 'Ighombwe', 144),
(138, 'Iglansoni', 144),
(139, 'Ihanja', 144),
(140, 'Ikungi', 144),
(141, 'Irisya', 144),
(142, 'Iseke', 144),
(143, 'Issuna', 144),
(144, 'Iyumbu', 144),
(145, 'Kikio', 144),
(146, 'Kituntu', 144),
(147, 'Lighwa', 144),
(148, 'Mang\'onyi', 144),
(149, 'Mgungira', 144),
(150, 'Minyughe', 144),
(151, 'Misughaa', 144),
(152, 'Mkiwa', 144),
(153, 'Mtunduru', 144),
(154, 'Muhintiri', 144),
(155, 'Mungaa', 144),
(156, 'Mwaru', 144),
(157, 'Ntuntu', 144),
(158, 'Puma', 144),
(159, 'Sepuka', 144),
(160, 'Siuyu', 144),
(161, 'Unyahati', 144),
(162, 'Kaselya', 145),
(163, 'Kidaru', 145),
(164, 'Kinampanda', 145),
(165, 'Kiomboi', 145),
(166, 'Kisiriri', 145),
(167, 'Kyengege', 145),
(168, 'Mbelekese', 145),
(169, 'Mgongo', 145),
(170, 'Mtekente', 145),
(171, 'Mtoa', 145),
(172, 'Ndago', 145),
(173, 'Ndulungu', 145),
(174, 'Ntwike', 145),
(175, 'Shelui', 145),
(176, 'Tulya', 145),
(177, 'Ulemo', 145),
(178, 'Urughu', 145),
(179, 'Ichemba', 155),
(180, 'Igagala', 155),
(181, 'Igombe Mkulu', 155),
(182, 'Igwisi', 155),
(183, 'Kaliua', 155),
(184, 'Kamsekwa', 155),
(185, 'Kanindo', 155),
(186, 'Kanoge', 155),
(187, 'Kashishi', 155),
(188, 'Kazaroho', 155),
(189, 'Milambo', 155),
(190, 'Mwongozo', 155),
(191, 'Sasu', 155),
(192, 'Seleli', 155),
(193, 'Silambo', 155),
(194, 'Ugunga', 155),
(195, 'Ukumbisiganga', 155),
(196, 'Ushokola', 155),
(197, 'Usinge', 155),
(198, 'Uyowa', 155),
(199, 'Zugimlole', 155),
(200, 'Bereko', 17),
(201, 'Bolisa', 17),
(202, 'Bumbuta', 17),
(203, 'Busi', 17),
(204, 'Changaa', 17),
(205, 'Chemchem', 17),
(206, 'Haubi', 17),
(207, 'Hondomairo', 17),
(208, 'Itaswi', 17),
(209, 'Itololo', 17),
(210, 'Kalamba', 17),
(211, 'Kikilo', 17),
(212, 'Kikore', 17),
(213, 'Kilimani', 17),
(214, 'Kingale', 17),
(215, 'Kinyasi', 17),
(216, 'Kisese', 17),
(217, 'Kolo', 17),
(218, 'Kondoa Mjini', 17),
(219, 'Kwadelo', 17),
(220, 'Masange', 17),
(221, 'Mnenia', 17),
(222, 'Pahi', 17),
(223, 'Salanka', 17),
(224, 'Serya', 17),
(225, 'Soera', 17),
(226, 'Suruke', 17),
(227, 'Thawi', 17),
(228, 'Chamkoroma', 18),
(229, 'Chitego', 18),
(230, 'Chiwe', 18),
(231, 'Hogoro', 18),
(232, 'Iduo', 18),
(233, 'Kibaigwa', 18),
(234, 'Kongwa', 18),
(235, 'Lenjulu', 18),
(236, 'Makawa', 18),
(237, 'Matongoro', 18),
(238, 'Mkoka', 18),
(239, 'Mlali', 18),
(240, 'Mtanana', 18),
(241, 'Nghumbi', 18),
(242, 'Ngomai', 18),
(243, 'Njoge', 18),
(244, 'Pandambili', 18),
(245, 'Sagara', 18),
(246, 'Sejeli', 18),
(247, 'Songambele', 18),
(248, 'Ugogoni', 18),
(249, 'Zoissa', 18),
(250, 'Aghondi', 146),
(251, 'Chikola', 146),
(252, 'Chikuyu', 146),
(253, 'Heka', 146),
(254, 'Idodyandole', 146),
(255, 'Ipande', 146),
(256, 'Isseke', 146),
(257, 'Itigi Majengo', 146),
(258, 'Itigi Mjini', 146),
(259, 'Kintinku', 146),
(260, 'Kitaraka', 146),
(261, 'Majiri', 146),
(262, 'Makanda', 146),
(263, 'Makuru', 146),
(264, 'Makutopora (Makutupora)', 146),
(265, 'Manyoni', 146),
(266, 'Mgandu', 146),
(267, 'Mitundu', 146),
(268, 'Mkwese', 146),
(269, 'Muhalala', 146),
(270, 'Mvumi', 146),
(271, 'Mwamagembe', 146),
(272, 'Nkonko', 146),
(273, 'Rungwa', 146),
(274, 'Sanjaranda', 146),
(275, 'Sanza', 146),
(276, 'Saranda', 146),
(277, 'Sasajila', 146),
(278, 'Sasilo', 146),
(279, 'Solya', 146),
(280, 'Gumanga', 147),
(281, 'Ibaga', 147),
(282, 'Iguguno', 147),
(283, 'Ilunda', 147),
(284, 'Kikhonda', 147),
(285, 'Kinyangiri', 147),
(286, 'Matongo', 147),
(287, 'Miganga', 147),
(288, 'Mpambala', 147),
(289, 'Msingi', 147),
(290, 'Mwanga', 147),
(291, 'Mwangeza', 147),
(292, 'Nduguti', 147),
(293, 'Nkinto', 147),
(294, 'Berege', 19),
(295, 'Chipogoro', 19),
(296, 'Chitemo', 19),
(297, 'Chunyu', 19),
(298, 'Galigali', 19),
(299, 'Godegode', 19),
(300, 'Gulwe', 19),
(301, 'Ipera', 19),
(302, 'Iwondo', 19),
(303, 'Kibakwe', 19),
(304, 'Kimagai', 19),
(305, 'Kingiti', 19),
(306, 'Lufu', 19),
(307, 'Luhundwa', 19),
(308, 'Lumuma', 19),
(309, 'Lupeta', 19),
(310, 'Malolo', 19),
(311, 'Massa', 19),
(312, 'Matomondo', 19),
(313, 'Mazae', 19),
(314, 'Mbuga', 19),
(315, 'Mima', 19),
(316, 'Mlunduzi', 19),
(317, 'Mpwapwa Mjini', 19),
(318, 'Mtera', 19),
(319, 'Nghambi', 19),
(320, 'Pwaga', 19),
(321, 'Rudi', 19),
(322, 'Ving\'hawe', 19),
(323, 'Wotta', 19),
(324, 'Budushi', 156),
(325, 'Bukene', 156),
(326, 'Igusule', 156),
(327, 'Ijanija', 156),
(328, 'Ikindwa', 156),
(329, 'Isagenhe', 156),
(330, 'Isanzu', 156),
(331, 'Itilo', 156),
(332, 'Itobo', 156),
(333, 'Kahama Nhalanga', 156),
(334, 'Karitu', 156),
(335, 'Kasela', 156),
(336, 'Lusu', 156),
(337, 'Magengati', 156),
(338, 'Mambali', 156),
(339, 'Mbogwe', 156),
(340, 'Miguwa', 156),
(341, 'Milambo Itobo', 156),
(342, 'Mizibaziba', 156),
(343, 'Mogwa', 156),
(344, 'Muhugi', 156),
(345, 'Mwakashanhala', 156),
(346, 'Mwamala', 156),
(347, 'Mwangoye', 156),
(348, 'Nata', 156),
(349, 'Ndala', 156),
(350, 'Nkiniziwa', 156),
(351, 'Nzega Mjini', 156),
(352, 'Nzega Ndogo', 156),
(353, 'Puge', 156),
(354, 'Semembela', 156),
(355, 'Shigamba', 156),
(356, 'Sigili', 156),
(357, 'Tongi', 156),
(358, 'Uduka', 156),
(359, 'Utwigu', 156),
(360, 'Wela', 156),
(361, 'Chabutwa', 157),
(362, 'Igigwa', 157),
(363, 'Ipole', 157),
(364, 'Kiloleli (Kaloleli)', 157),
(365, 'Kiloli', 157),
(366, 'Kipanga', 157),
(367, 'Kipili', 157),
(368, 'Kisanga', 157),
(369, 'Kitunda', 157),
(370, 'Misheni', 157),
(371, 'Mole', 157),
(372, 'Mpombwe', 157),
(373, 'Ngoywa', 157),
(374, 'Pangale', 157),
(375, 'Sikonge', 157),
(376, 'Tutuo', 157),
(377, 'Usunga', 157),
(378, 'Ipembe', 149),
(379, 'Kindai', 149),
(380, 'Majengo', 149),
(381, 'Mandewa', 149),
(382, 'Minga', 149),
(383, 'Misuna', 149),
(384, 'Mitunduruni (Mitunduru)', 149),
(385, 'Mtamaa', 149),
(386, 'Mtipa', 149),
(387, 'Mughanga', 149),
(388, 'Mungumaji', 149),
(389, 'Mwankoko', 149),
(390, 'Uhamaka', 149),
(391, 'Unyambwa (Umyambwa)', 149),
(392, 'Unyamikumbi', 149),
(393, 'Utemini', 149),
(394, 'Ikhanoda', 0),
(395, 'Ilongero', 0),
(396, 'Itaja', 0),
(397, 'Kijota', 0),
(398, 'Kinyagigi', 0),
(399, 'Kinyeto', 0),
(400, 'Maghojoa', 0),
(401, 'Makuro', 0),
(402, 'Merya', 0),
(403, 'Mgori', 0),
(404, 'Mrama', 0),
(405, 'Msange', 0),
(406, 'Msisi', 0),
(407, 'Mtinko', 0),
(408, 'Mudida', 0),
(409, 'Mughamo', 0),
(410, 'Mughunga', 0),
(411, 'Mwasauya', 0),
(412, 'Ngimu', 0),
(413, 'Ntonge', 0),
(414, 'Ughandi', 0),
(415, 'Chemchem', 158),
(416, 'Cheyo', 158),
(417, 'Gongoni', 158),
(418, 'Ifucha', 158),
(419, 'Ikomwa', 158),
(420, 'Ipuli', 158),
(421, 'Isevya', 158),
(422, 'Itetemia', 158),
(423, 'Itonjanda', 158),
(424, 'Kabila', 158),
(425, 'Kakola', 158),
(426, 'Kalunde', 158),
(427, 'Kanyenye', 158),
(428, 'Kiloleni', 158),
(429, 'Kitete', 158),
(430, 'Malolo', 158),
(431, 'Mbugani', 158),
(432, 'Misha', 158),
(433, 'Mtendeni', 158),
(434, 'Ndevelwa', 158),
(435, 'Ng\'ambo', 158),
(436, 'Ntalikwa', 158),
(437, 'Tambukareli', 158),
(438, 'Tumbi', 158),
(439, 'Uyui', 158),
(440, 'Imalamakoye', 159),
(441, 'Itundu (Utundu)', 159),
(442, 'Kapilula', 159),
(443, 'Kasisi', 159),
(444, 'Kiloleni', 159),
(445, 'Muungano', 159),
(446, 'Nsenda', 159),
(447, 'Songambele', 159),
(448, 'Ugalla', 159),
(449, 'Ukondamoyo', 159),
(450, 'Urambo', 159),
(451, 'Usisya', 159),
(452, 'Ussoke', 159),
(453, 'Uyogo', 159),
(454, 'Uyumbu', 159),
(455, 'Vumilia', 159),
(456, 'Bukumbi', 160),
(457, 'Goweko', 160),
(458, 'Ibelamilundi', 160),
(459, 'Ibiri', 160),
(460, 'Igalula', 160),
(461, 'Ikongolo', 160),
(462, 'Ilolanguru', 160),
(463, 'Isikizya', 160),
(464, 'Kigwa', 160),
(465, 'Kizengi', 160),
(466, 'Loya', 160),
(467, 'Lutende', 160),
(468, 'Mabama', 160),
(469, 'Magiri', 160),
(470, 'Miswaki', 160),
(471, 'Miyenze', 160),
(472, 'Ndono', 160),
(473, 'Nsimbo', 160),
(474, 'Nsololo', 160),
(475, 'Shitage', 160),
(476, 'Tura', 160),
(477, 'Ufulumwa (Ufuluma)', 160),
(478, 'Upuge', 160),
(479, 'Usagari', 160),
(480, 'Bwilingu', 117),
(481, 'Dunda', 117),
(482, 'Fukayosi (Fukayose)', 117),
(483, 'Kerege', 117),
(484, 'Kibindu', 117),
(485, 'Kimange', 117),
(486, 'Kiromo', 117),
(487, 'Kiwangwa', 117),
(488, 'Lugoba', 117),
(489, 'Magomeni', 117),
(490, 'Mandera', 117),
(491, 'Mbwewe', 117),
(492, 'Miono', 117),
(493, 'Mkange', 117),
(494, 'Msata', 117),
(495, 'Msoga', 117),
(496, 'Pera', 117),
(497, 'Talawanda', 117),
(498, 'Ubenazomozi', 117),
(499, 'Vigwaza', 117),
(500, 'Yombo', 117),
(501, 'Zinga', 117),
(502, 'Chagongwe', 88),
(503, 'Chakwale', 88),
(504, 'Chanjale', 88),
(505, 'Gairo', 88),
(506, 'Idibo', 88),
(507, 'Iyogwe', 88),
(508, 'Kibedya', 88),
(509, 'Mandege', 88),
(510, 'Msingisi', 88),
(511, 'Nongwe', 88),
(512, 'Rubeho', 88),
(513, 'Buguruni', 8),
(514, 'Chanika', 8),
(515, 'Gerezani', 8),
(516, 'Gongo la Mboto', 8),
(517, 'Ilala', 8),
(518, 'Jangwani', 8),
(519, 'Kariakoo', 8),
(520, 'Kimanga', 8),
(521, 'Kinyerezi', 8),
(522, 'Kipawa', 8),
(523, 'Kisutu', 8),
(524, 'Kitunda', 8),
(525, 'Kivukoni', 8),
(526, 'Kivule', 8),
(527, 'Kiwalani', 8),
(528, 'Majohe', 8),
(529, 'Mchafukoge', 8),
(530, 'Mchikichini', 8),
(531, 'Msongola', 8),
(532, 'Pugu', 8),
(533, 'Segerea', 8),
(534, 'Tabata', 8),
(535, 'Ukonga', 8),
(536, 'Upanga Magharibi', 8),
(537, 'Upanga Mashariki', 8),
(538, 'Vingunguti', 8),
(539, 'Bokomnemela', 118),
(540, 'Dutumi', 118),
(541, 'Gwata', 118),
(542, 'Janga', 118),
(543, 'Kikongo', 118),
(544, 'Kilangalanga', 118),
(545, 'Kwala', 118),
(546, 'Magindu', 118),
(547, 'Mlandizi', 118),
(548, 'Ruvu', 118),
(549, 'Soga', 118),
(550, 'Kibaha Town', 118),
(551, 'Kibaha', 118),
(552, 'Kongowe', 118),
(553, 'Maili Moja', 118),
(554, 'Mbwawa', 118),
(555, 'Misugusugu', 118),
(556, 'Mkuza', 118),
(557, 'Msangani', 118),
(558, 'Pangani', 118),
(559, 'Picha ya Ndege', 118),
(560, 'Tumbi', 118),
(561, 'Visiga', 118),
(562, 'Chisano', 89),
(563, 'Chita', 89),
(564, 'Idete', 89),
(565, 'Ifakara', 89),
(566, 'Kibaoni', 89),
(567, 'Kiberege', 89),
(568, 'Kidatu', 89),
(569, 'Kisawasawa', 89),
(570, 'Lumemo', 89),
(571, 'Mang\'ula', 89),
(572, 'Masagati', 89),
(573, 'Mbingu', 89),
(574, 'Mchombe', 89),
(575, 'Mkula', 89),
(576, 'Mlimba', 89),
(577, 'Mofu', 89),
(578, 'Sanje', 89),
(579, 'Uchindile', 89),
(580, 'Utengule', 89),
(581, 'Berega', 90),
(582, 'Chanzulu', 90),
(583, 'Dumila', 90),
(584, 'Kasiki', 90),
(585, 'Kidete', 90),
(586, 'Kidodi', 90),
(587, 'Kilangali', 90),
(588, 'Kimamba A', 90),
(589, 'Kimamba B', 90),
(590, 'Kisanga', 90),
(591, 'Kitete', 90),
(592, 'Lumbiji', 90),
(593, 'Lumuma', 90),
(594, 'Mabula', 90),
(595, 'Mabwerebwere', 90),
(596, 'Madoto', 90),
(597, 'Magole', 90),
(598, 'Magomeni', 90),
(599, 'Magubike', 90),
(600, 'Maguha', 90),
(601, 'Malolo', 90),
(602, 'Mamboya', 90),
(603, 'Masanze', 90),
(604, 'Mbumi', 90),
(605, 'Mikumi', 90),
(606, 'Mkwatani', 90),
(607, 'Msowero', 90),
(608, 'Ruaha', 90),
(609, 'Rudewa', 90),
(610, 'Ruhembe', 90),
(611, 'Tindiga', 90),
(612, 'Ulaya', 90),
(613, 'Uleling\'ombe', 90),
(614, 'Vidunda', 90),
(615, 'Zombo', 90),
(616, 'Chumo', 60),
(617, 'Kandawale', 60),
(618, 'Kibata', 60),
(619, 'Kikole', 60),
(620, 'Kinjumbi', 60),
(621, 'Kipatimu', 60),
(622, 'Kiranjeranje (Kirnjernje)', 60),
(623, 'Kivinjesingino', 60),
(624, 'Lihimalyao', 60),
(625, 'Likawage', 60),
(626, 'Mandawa', 60),
(627, 'Masoko', 60),
(628, 'Miguruwe', 60),
(629, 'Mingumbi', 60),
(630, 'Miteja', 60),
(631, 'Mitole', 60),
(632, 'Nanjirinji', 60),
(633, 'Njinjo', 60),
(634, 'Pande Mikoma', 60),
(635, 'Songosongo', 60),
(636, 'Tingi', 60),
(637, 'Bunju', 9),
(638, 'Goba', 9),
(639, 'Hananasif (Hananasifu)', 9),
(640, 'Kawe', 9),
(641, 'Kibamba', 9),
(642, 'Kigogo', 9),
(643, 'Kijitonyama', 9),
(644, 'Kimara', 9),
(645, 'Kinondoni', 9),
(646, 'Kunduchi', 9),
(647, 'Kwembe', 9),
(648, 'Mabibo', 9),
(649, 'Mabwepande', 9),
(650, 'Magomeni', 9),
(651, 'Makongo', 9),
(652, 'Makuburi', 9),
(653, 'Makumbusho', 9),
(654, 'Makurumla', 9),
(655, 'Manzese', 9),
(656, 'Mbezi', 9),
(657, 'Mbezi juu', 9),
(658, 'Mburahati', 9),
(659, 'Mbweni', 9),
(660, 'Mikocheni', 9),
(661, 'Msasani', 9),
(662, 'Msigani', 9),
(663, 'Mwananyamala', 9),
(664, 'Mzimuni', 9),
(665, 'Ndugumbi', 9),
(666, 'Saranga', 9),
(667, 'Sinza', 9),
(668, 'Tandale', 9),
(669, 'Ubungo', 9),
(670, 'Wazo', 9),
(671, 'Cholesamvula', 120),
(672, 'Kibuta', 120),
(673, 'Kiluvya', 120),
(674, 'Kisarawe', 120),
(675, 'Kurui', 120),
(676, 'Mafizi', 120),
(677, 'Maneromango', 120),
(678, 'Marui', 120),
(679, 'Marumbo', 120),
(680, 'Masaki', 120),
(681, 'Msanga', 120),
(682, 'Msimbu', 120),
(683, 'Mzenga', 120),
(684, 'Vihingo', 120),
(685, 'Vikumbulu', 120),
(686, 'Chikonji', 62),
(687, 'Jamhuri', 62),
(688, 'Makonde', 62),
(689, 'Matopeni', 62),
(690, 'Mbanja', 62),
(691, 'Mikumbi', 62),
(692, 'Mingoyo', 62),
(693, 'Mitandi', 62),
(694, 'Msanjihili (Msinjahili)', 62),
(695, 'Mtanda', 62),
(696, 'Mwenge', 62),
(697, 'Nachingwea', 62),
(698, 'Ndoro', 62),
(699, 'Ng\'apa', 62),
(700, 'Rahaleo', 62),
(701, 'Rasbura', 62),
(702, 'Tandangongoro', 62),
(703, 'Wailes', 62),
(704, 'Chiponda', 0),
(705, 'Kilangala', 0),
(706, 'Kilolambwani', 0),
(707, 'Kitomanga', 0),
(708, 'Kiwalala', 0),
(709, 'Kiwawa', 0),
(710, 'Longa', 0),
(711, 'Majengo', 0),
(712, 'Mandwanga', 0),
(713, 'Matimba', 0),
(714, 'Mchinga', 0),
(715, 'Milola', 0),
(716, 'Mipingo', 0),
(717, 'Mnara', 0),
(718, 'Mnolela', 0),
(719, 'Mtama', 0),
(720, 'Mtua', 0),
(721, 'Mtumbya', 0),
(722, 'Nachunyu', 0),
(723, 'Nahukahuka', 0),
(724, 'Namangwale (Namangale)', 0),
(725, 'Namupa', 0),
(726, 'Nangaru', 0),
(727, 'Navanga', 0),
(728, 'Nyangamara', 0),
(729, 'Nyangao', 0),
(730, 'Nyengedi', 0),
(731, 'Pangatena', 0),
(732, 'Rutamba', 0),
(733, 'Sudi', 0),
(734, 'Barikiwa', 63),
(735, 'Kiangara', 63),
(736, 'Kibutuka', 63),
(737, 'Kichonda', 63),
(738, 'Kimambi', 63),
(739, 'Likongowele', 63),
(740, 'Lilombe', 63),
(741, 'Liwale \'B\'', 63),
(742, 'Liwale Mjini', 63),
(743, 'Makata', 63),
(744, 'Mangirirkiti (Mangirikiti)', 63),
(745, 'Mbaya', 63),
(746, 'Mihumo', 63),
(747, 'Mirui', 63),
(748, 'Mkutano', 63),
(749, 'Mlembwe', 63),
(750, 'Mpigamiti', 63),
(751, 'Nangando', 63),
(752, 'Nangano', 63),
(753, 'Ngongowele', 63),
(754, 'Baleni', 121),
(755, 'Jibondo', 121),
(756, 'Kanga', 121),
(757, 'Kiegeani', 121),
(758, 'Kilindoni', 121),
(759, 'Kirongwe', 121),
(760, 'Miburani', 121),
(761, 'Ndagoni', 121),
(762, 'Chigugu', 0),
(763, 'Chikolopola', 0),
(764, 'Chiungutwa', 0),
(765, 'Chiwale', 0),
(766, 'Chiwata', 0),
(767, 'Lipumburu', 0),
(768, 'Lukuledi', 0),
(769, 'Lulindi', 0),
(770, 'Mbuyuni', 0),
(771, 'Mchauru', 0),
(772, 'Mkululu', 0),
(773, 'Mkundi', 0),
(774, 'Mlingula', 0),
(775, 'Mnavira', 0),
(776, 'Mpanyani', 0),
(777, 'Mwena', 0),
(778, 'Namajani', 0),
(779, 'Namalenga', 0),
(780, 'Namatutwe', 0),
(781, 'Nanganga', 0),
(782, 'Nanjota', 0),
(783, 'Sindano', 0),
(784, 'Masasi  Town', 0),
(785, 'Jida', 0),
(786, 'Marika', 0),
(787, 'Migongo', 0),
(788, 'Mkomaindo', 0),
(789, 'Mkuti', 0),
(790, 'Mpindimbi', 0),
(791, 'Mtandi', 0),
(792, 'Mwenge', 0),
(793, 'Mwenge Mtapika', 0),
(794, 'Nyasa', 0),
(795, 'Sululu', 0),
(796, 'Temeke', 0),
(797, 'Bupu', 122),
(798, 'Kimanzichana', 122),
(799, 'Kiparang\'anda', 122),
(800, 'Kisiju', 122),
(801, 'Kitomondo', 122),
(802, 'Lukanga', 122),
(803, 'Magawa', 122),
(804, 'Mbezi', 122),
(805, 'Mkamba', 122),
(806, 'Mkuranga', 122),
(807, 'Mwalusembe (Mwarusembe)', 122),
(808, 'Njia Nne', 122),
(809, 'Nyamato', 122),
(810, 'Panzuo', 122),
(811, 'Shungubweni', 122),
(812, 'Tambani', 122),
(813, 'Vianzi', 122),
(814, 'Vikindu', 122),
(815, 'Bigwa', 92),
(816, 'Boma', 92),
(817, 'Kichangani', 92),
(818, 'Kihonda', 92),
(819, 'Kilakala', 92),
(820, 'Kingo', 92),
(821, 'Kingolwira', 92),
(822, 'Kiwanja cha Ndege', 92),
(823, 'Mafiga', 92),
(824, 'Mazimbu', 92),
(825, 'Mbuyuni', 92),
(826, 'Mji Mkuu', 92),
(827, 'Mji Mpya', 92),
(828, 'Mlimani', 92),
(829, 'Mwembesongo', 92),
(830, 'Mzinga', 92),
(831, 'Sabasaba', 92),
(832, 'Sultan Area', 92),
(833, 'Uwanja wa Taifa', 92),
(834, 'Bungu', 0),
(835, 'Bwakila Chini', 0),
(836, 'Bwakila Juu', 0),
(837, 'Gwata', 0),
(838, 'Kasanga', 0),
(839, 'Kibogwa', 0),
(840, 'Kibungo Juu', 0),
(841, 'Kidugalo', 0),
(842, 'Kinole', 0),
(843, 'Kiroka', 0),
(844, 'Kisaki', 0),
(845, 'Kisemu', 0),
(846, 'Kolero', 0),
(847, 'Konde', 0),
(848, 'Lundi', 0),
(849, 'Matuli', 0),
(850, 'Mikese', 0),
(851, 'Mkambarani', 0),
(852, 'Mkulazi', 0),
(853, 'Mkuyuni', 0),
(854, 'Mngazi', 0),
(855, 'Mtombozi', 0),
(856, 'Mvuha', 0),
(857, 'Ngerengere', 0),
(858, 'Selembala', 0),
(859, 'Singisa', 0),
(860, 'Tawa', 0),
(861, 'Tegetero', 0),
(862, 'Tununguo', 0),
(863, 'Chikongola', 100),
(864, 'Chuno', 100),
(865, 'Jangwani', 100),
(866, 'Kisungule', 100),
(867, 'Likombe', 100),
(868, 'Magengeni', 100),
(869, 'Majengo', 100),
(870, 'Mitengo', 100),
(871, 'Mtonya', 100),
(872, 'Naliendele', 100),
(873, 'Rahaleo', 100),
(874, 'Railway', 100),
(875, 'Shangani', 100),
(876, 'Ufukoni', 100),
(877, 'Vigaeni', 100),
(878, 'Chawi', 0),
(879, 'Dihimba', 0),
(880, 'Kiromba', 0),
(881, 'Kitaya', 0),
(882, 'Kitere', 0),
(883, 'Kiyanga', 0),
(884, 'Libobe', 0),
(885, 'Madimba', 0),
(886, 'Mahurunga', 0),
(887, 'Mayanga', 0),
(888, 'Mbawala', 0),
(889, 'Mbembaleo', 0),
(890, 'Milangominne', 0),
(891, 'Mnima', 0),
(892, 'Mpapura', 0),
(893, 'Msanga Mkuu', 0),
(894, 'Mtimbwilimbwi', 0),
(895, 'Mtiniko', 0),
(896, 'Muungano', 0),
(897, 'Namtumbuka', 0),
(898, 'Nanguruwe', 0),
(899, 'Nanyamba', 0),
(900, 'Naumbu', 0),
(901, 'Ndumbwe', 0),
(902, 'Nitekela', 0),
(903, 'Njengwa', 0),
(904, 'Tangazo', 0),
(905, 'Ziwani', 0),
(906, 'Bunduki', 93),
(907, 'Diongoya', 93),
(908, 'Doma', 93),
(909, 'Hembeti', 93),
(910, 'Kanga', 93),
(911, 'Kibati', 93),
(912, 'Kikeo', 93),
(913, 'Langali', 93),
(914, 'Maskati', 93),
(915, 'Melela', 93),
(916, 'Mhonda', 93),
(917, 'Mlali', 93),
(918, 'Mtibwa', 93),
(919, 'Mvomero', 93),
(920, 'Mzumbe', 93),
(921, 'Sungaji', 93),
(922, 'Tchenzema', 93),
(923, 'Chiola', 64),
(924, 'Kiegei', 64),
(925, 'Kilimahewa (Kilimanihewa)', 64),
(926, 'Kilimarondo', 64),
(927, 'Kipara Mnero', 64),
(928, 'Lionja', 64),
(929, 'Marambo', 64),
(930, 'Matekwe', 64),
(931, 'Mbondo', 64),
(932, 'Mkoka', 64),
(933, 'Mkotokuyana', 64),
(934, 'Mnero Miembeni', 64),
(935, 'Mnerongongo (Minerongongo)', 64),
(936, 'Mpiruka', 64),
(937, 'Mtua', 64),
(938, 'Naipanga', 64),
(939, 'Naipingo', 64),
(940, 'Namapwia', 64),
(941, 'Namatula', 64),
(942, 'Nambambo', 64),
(943, 'Namikango', 64),
(944, 'Nangowe', 64),
(945, 'Nditi', 64),
(946, 'Ndomoni', 64),
(947, 'Ruponda', 64),
(948, 'Stesheni', 64),
(949, 'Chipuputa', 101),
(950, 'Likokona', 101),
(951, 'Lumesule', 101),
(952, 'Mangaka', 101),
(953, 'Maratani', 101),
(954, 'Masuguru', 101),
(955, 'Mikangaula', 101),
(956, 'Mkonona', 101),
(957, 'Mnanje', 101),
(958, 'Nandete', 101),
(959, 'Nangomba', 101),
(960, 'Nanyumbu', 101),
(961, 'Napacho', 101),
(962, 'Sengenya', 101),
(963, 'Chihangu', 102),
(964, 'Chilangalanga (Chilangala)', 102),
(965, 'Chitekete', 102),
(966, 'Chiwonga', 102),
(967, 'Kitangari', 102),
(968, 'Luchingu (Luchindu)', 102),
(969, 'Makonga', 102),
(970, 'Makote', 102),
(971, 'Makukwe', 102),
(972, 'Malatu', 102),
(973, 'Maputi', 102),
(974, 'Mchemo', 102),
(975, 'Mcholi I', 102),
(976, 'Mcholi II', 102),
(977, 'Mdimbampelempele', 102),
(978, 'Mkoma II', 102),
(979, 'Mkunya', 102),
(980, 'Mkwedu', 102),
(981, 'Mnekachi', 102),
(982, 'Mnyambe', 102),
(983, 'Mtonya', 102),
(984, 'Mtopwa', 102),
(985, 'Mtunguru', 102),
(986, 'Nakahako', 102),
(987, 'Nambali', 102),
(988, 'Namiyonga', 102),
(989, 'Nandwahi', 102),
(990, 'Nanguruwe', 102),
(991, 'Chibula', 65),
(992, 'Chienjele', 65),
(993, 'Chinongwe', 65),
(994, 'Chunyu', 65),
(995, 'Likunja', 65),
(996, 'Luchelegwa', 65),
(997, 'Makanjiro', 65),
(998, 'Malolo', 65),
(999, 'Mandarawe', 65),
(1000, 'Mandawa', 65),
(1001, 'Matambarale', 65),
(1002, 'Mbekenyera', 65),
(1003, 'Mnacho', 65),
(1004, 'Nachingwea', 65),
(1005, 'Nambilaje (Nambilanje)', 65),
(1006, 'Namichiga', 65),
(1007, 'Nandagala', 65),
(1008, 'Nanganga', 65),
(1009, 'Narung\'ombe', 65),
(1010, 'Nkowe', 65),
(1011, 'Ruangwa', 65),
(1012, 'Bungu', 123),
(1013, 'Chemchem', 123),
(1014, 'Chumbi', 123),
(1015, 'Dimani', 123),
(1016, 'Ikwiriri', 123),
(1017, 'Kibiti', 123),
(1018, 'Kiongoroni', 123),
(1019, 'Mahege', 123),
(1020, 'Maparoni', 123),
(1021, 'Mbuchi', 123),
(1022, 'Mbwara', 123),
(1023, 'Mchukwi', 123),
(1024, 'Mgomba', 123),
(1025, 'Mjawa', 123),
(1026, 'Mkongo', 123),
(1027, 'Mlanzi', 123),
(1028, 'Mtawanya', 123),
(1029, 'Mtunda', 123),
(1030, 'Mwambao', 123),
(1031, 'Mwaseni', 123),
(1032, 'Ngarambe', 123),
(1033, 'Ngorongo', 123),
(1034, 'Ruaruke', 123),
(1035, 'Salale', 123),
(1036, 'Umwe', 123),
(1037, 'Utete', 123),
(1038, 'Chaume', 103),
(1039, 'Chikongola', 103),
(1040, 'Chingungwe', 103),
(1041, 'Dinduma', 103),
(1042, 'Kitama', 103),
(1043, 'Kwanyama', 103),
(1044, 'Litehu', 103),
(1045, 'Luagala', 103),
(1046, 'Lukokoda', 103),
(1047, 'Lyenje', 103),
(1048, 'Mahuta', 103),
(1049, 'Maundo', 103),
(1050, 'Mchichira', 103),
(1051, 'Mdimbamnyoma', 103),
(1052, 'Mdumbwe', 103),
(1053, 'Michenjele', 103),
(1054, 'Mihambwe', 103),
(1055, 'Mihuta (Miuta)', 103),
(1056, 'Milingodi (Milongodi)', 103),
(1057, 'Mkonjowano', 103),
(1058, 'Mkoreha', 103),
(1059, 'Mkundi', 103),
(1060, 'Mkwiti', 103),
(1061, 'Mnyawa', 103),
(1062, 'Nambahu', 103),
(1063, 'Namikupa', 103),
(1064, 'Nanhyanga', 103),
(1065, 'Naputa', 103),
(1066, 'Ngunja', 103),
(1067, 'Tandahimba', 103),
(1068, 'Azimio', 10),
(1069, 'Buza', 10),
(1070, 'Chamazi', 10),
(1071, 'Chang\'ombe', 10),
(1072, 'Charambe', 10),
(1073, 'Keko', 10),
(1074, 'Kibada', 10),
(1075, 'Kiburugwa', 10),
(1076, 'Kigamboni', 10),
(1077, 'Kijichi', 10),
(1078, 'Kilakala', 10),
(1079, 'Kimbiji', 10),
(1080, 'Kisarawe II', 10),
(1081, 'Kurasini', 10),
(1082, 'Makangarawe', 10),
(1083, 'Mbagala', 10),
(1084, 'Mbagala Kuu', 10),
(1085, 'Mianzini', 10),
(1086, 'Miburani', 10),
(1087, 'Mjimwema', 10),
(1088, 'Mtoni', 10),
(1089, 'Pemba Mnazi', 10),
(1090, 'Sandali', 10),
(1091, 'Somangila', 10),
(1092, 'Tandika', 10),
(1093, 'Temeke', 10),
(1094, 'Toangoma', 10),
(1095, 'Tungi', 10),
(1096, 'Vijibweni', 10),
(1097, 'Yombo Vituka', 10),
(1098, 'Biro', 94),
(1099, 'Chirombola', 94),
(1100, 'Euga', 94),
(1101, 'Ilonga', 94),
(1102, 'Iragua', 94),
(1103, 'Isongo', 94),
(1104, 'Itete', 94),
(1105, 'Kichangani', 94),
(1106, 'Kilosa kwa Mpepo', 94),
(1107, 'Lukande', 94),
(1108, 'Lupiro', 94),
(1109, 'Mahenge', 94),
(1110, 'Malinyi', 94),
(1111, 'Mbuga', 94),
(1112, 'Minepa', 94),
(1113, 'Msogezi', 94),
(1114, 'Mtimbira', 94),
(1115, 'Mwaya', 94),
(1116, 'Ngoheranga', 94),
(1117, 'Ruaha', 94),
(1118, 'Sali', 94),
(1119, 'Sofi', 94),
(1120, 'Usangule', 94),
(1121, 'Vigoi', 94),
(1122, 'Bariadi', 139),
(1123, 'Bunamhala', 139),
(1124, 'Dutwa', 139),
(1125, 'Gambosi', 139),
(1126, 'Gilya', 139),
(1127, 'Guduwi', 139),
(1128, 'Ikungulyabashashi', 139),
(1129, 'Isanga', 139),
(1130, 'Kasoli', 139),
(1131, 'Kilalo', 139),
(1132, 'Malambo', 139),
(1133, 'Matongo', 139),
(1134, 'Mhango', 139),
(1135, 'Mwadobana (Madobana)', 139),
(1136, 'Mwaubingi (Mwaubinge)', 139),
(1137, 'Mwaumatondo', 139),
(1138, 'Ngulyati', 139),
(1139, 'Nkindwabiye', 139),
(1140, 'Nkololo', 139),
(1141, 'Nyakabindi', 139),
(1142, 'Nyangokolwa', 139),
(1143, 'Sakwe', 139),
(1144, 'Sapiwi', 139),
(1145, 'Sima', 139),
(1146, 'Somanda', 139),
(1147, 'Biharamulo Mjini', 30),
(1148, 'Bisibo', 30),
(1149, 'Kabindi', 30),
(1150, 'Kalenge', 30),
(1151, 'Kaniha', 30),
(1152, 'Lusahunga', 30),
(1153, 'Nemba', 30),
(1154, 'Nyabusozi', 30),
(1155, 'Nyakahura', 30),
(1156, 'Nyamahanga', 30),
(1157, 'Nyamigogo', 30),
(1158, 'Nyantakara', 30),
(1159, 'Nyarubungo', 30),
(1160, 'Runazi', 30),
(1161, 'Ruziba', 30),
(1162, 'Biharu', 41),
(1163, 'Buhigwe', 41),
(1164, 'Janda', 41),
(1165, 'Kajana', 41),
(1166, 'Kibande', 41),
(1167, 'Kilelema', 41),
(1168, 'Mugera', 41),
(1169, 'Muhinda', 41),
(1170, 'Munanila', 41),
(1171, 'Munyegera', 41),
(1172, 'Munzeze', 41),
(1173, 'Muyama', 41),
(1174, 'Mwayaya', 41),
(1175, 'Nyamugali', 41),
(1176, 'Rusaba', 41),
(1177, 'Bakoba', 32),
(1178, 'Bilele', 32),
(1179, 'Buhembe (Buhemba)', 32),
(1180, 'Hamugembe', 32),
(1181, 'Ijuganyondo', 32),
(1182, 'Kagondo', 32),
(1183, 'Kahororo', 32),
(1184, 'Kashai', 32),
(1185, 'Kibeta', 32),
(1186, 'Kitendaguro', 32),
(1187, 'Miembeni', 32),
(1188, 'Nshambya', 32),
(1189, 'Nyanga', 32),
(1190, 'Rwamishenye', 32),
(1191, 'Buhendangabo', 0),
(1192, 'Bujugo', 0),
(1193, 'Butelankuzi', 0),
(1194, 'Butulage', 0),
(1195, 'Ibwera', 0),
(1196, 'Izimbya', 0),
(1197, 'Kaagya', 0),
(1198, 'Kaibanja', 0),
(1199, 'Kanyangereko', 0),
(1200, 'Karabagaine', 0),
(1201, 'Kasharu', 0),
(1202, 'Katerero', 0),
(1203, 'Katoma', 0),
(1204, 'Katoro', 0),
(1205, 'Kemondo', 0),
(1206, 'Kibirizi', 0),
(1207, 'Kikomero', 0),
(1208, 'Kishanje', 0),
(1209, 'Kishogo', 0),
(1210, 'Kyamulaile', 0),
(1211, 'Maruku', 0),
(1212, 'Mikoni', 0),
(1213, 'Mugajwale', 0),
(1214, 'Nyakato', 0),
(1215, 'Nyakibimbili', 0),
(1216, 'Rubafu', 0),
(1217, 'Rubale', 0),
(1218, 'Ruhunga', 0),
(1219, 'Rukoma', 0),
(1220, 'Bugelenga', 20),
(1221, 'Bukombe', 20),
(1222, 'Busonzo', 20),
(1223, 'Butinzya', 20),
(1224, 'Igulwa', 20),
(1225, 'Iyogelo', 20),
(1226, 'Lyambamgongo', 20),
(1227, 'Namonge', 20),
(1228, 'Ng\'anzo', 20),
(1229, 'Runzewe Magharibi', 20),
(1230, 'Runzewe Mashariki', 20),
(1231, 'Ushirombo', 20),
(1232, 'Uyovu', 20),
(1233, 'Balili', 72),
(1234, 'Bunda Mjini', 72),
(1235, 'Bunda Stoo', 72),
(1236, 'Butimba', 72),
(1237, 'Chitengule', 72),
(1238, 'Guta', 72),
(1239, 'Hunyari', 72),
(1240, 'Igundu', 72),
(1241, 'Iramba', 72),
(1242, 'Kabasa', 72),
(1243, 'Kasuguti', 72),
(1244, 'Ketare', 72),
(1245, 'Kibara', 72),
(1246, 'Kisorya', 72),
(1247, 'Kunzugu', 72),
(1248, 'Mcharo', 72),
(1249, 'Mihingo', 72),
(1250, 'Mugeta', 72),
(1251, 'Namhula', 72),
(1252, 'Nampindi', 72),
(1253, 'Nansimo', 72),
(1254, 'Neruma', 72),
(1255, 'Nyamang\'uta', 72),
(1256, 'Nyamuswa', 72),
(1257, 'Nyasura', 72),
(1258, 'Salama', 72),
(1259, 'Sazira', 72),
(1260, 'Wariku', 72),
(1261, 'Badugu', 140),
(1262, 'Igalukilo', 140),
(1263, 'Kabita', 140),
(1264, 'Kalemela', 140),
(1265, 'Kiloleli', 140),
(1266, 'Lamadi', 140),
(1267, 'Lutubiga', 140),
(1268, 'Malili', 140),
(1269, 'Mkula', 140),
(1270, 'Mwamanyili', 140),
(1271, 'Ngasamo', 140),
(1272, 'Nyaluhande', 140),
(1273, 'Shigala', 140),
(1274, 'Bisumwa', 73),
(1275, 'Buhemba', 73),
(1276, 'Bukabwa', 73),
(1277, 'Buruma', 73),
(1278, 'Busegwe', 73),
(1279, 'Buswahili', 73),
(1280, 'Butiama', 73),
(1281, 'Butuguri', 73),
(1282, 'Bwiregi', 73),
(1283, 'Etaro', 73),
(1284, 'Kukirango', 73),
(1285, 'Kyanyari', 73),
(1286, 'Masaba', 73),
(1287, 'Mirwa', 73),
(1288, 'Muriaza', 73),
(1289, 'Nyakatende', 73),
(1290, 'Nyamimange', 73),
(1291, 'Nyankanga', 73),
(1292, 'Nyegina', 73),
(1293, 'Sirorisimba', 73),
(1294, 'Bukome', 21),
(1295, 'Buseresere', 21),
(1296, 'Butengorumasa', 21),
(1297, 'Buziku', 21),
(1298, 'Bwanga', 21),
(1299, 'Bwera', 21),
(1300, 'Bwina', 21),
(1301, 'Bwongera', 21),
(1302, 'Chato', 21),
(1303, 'Ichwankima', 21),
(1304, 'Ilemela', 21),
(1305, 'Ilyamchele', 21),
(1306, 'Iparamasa', 21),
(1307, 'Kachwamba', 21),
(1308, 'Kasenga', 21),
(1309, 'Katende', 21),
(1310, 'Kigongo', 21),
(1311, 'Makurugusi', 21),
(1312, 'Muganza', 21),
(1313, 'Muungano', 21),
(1314, 'Nyamirembe', 21),
(1315, 'Nyarutembo', 21),
(1316, 'Bugalama', 0),
(1317, 'Bugulula', 0),
(1318, 'Bujula', 0),
(1319, 'Bukoli', 0),
(1320, 'Bukondo', 0),
(1321, 'Bulela', 0),
(1322, 'Bung\'wangoko', 0),
(1323, 'Busanda', 0),
(1324, 'Butobela', 0),
(1325, 'Chigunga', 0),
(1326, 'Ihanamilo', 0),
(1327, 'Isulwabutundwe (Isulwabutunde)', 0),
(1328, 'Kagu', 0),
(1329, 'Kakubilo', 0),
(1330, 'Kalangalala', 0),
(1331, 'Kamena', 0),
(1332, 'Kamhanga', 0),
(1333, 'Kasamwa', 0),
(1334, 'Kaseme', 0),
(1335, 'Katoma', 0),
(1336, 'Katoro', 0),
(1337, 'Lubanga', 0),
(1338, 'Lwamgasa', 0),
(1339, 'Lwezera', 0),
(1340, 'Mtakuja', 0),
(1341, 'Nkome', 0),
(1342, 'Nyachiluluma', 0),
(1343, 'Nyakagomba', 0),
(1344, 'Nyakamwaga', 0),
(1345, 'Nyamalimbe', 0),
(1346, 'Nyamigota', 0),
(1347, 'Nyanguku', 0),
(1348, 'Nyarugusu', 0),
(1349, 'Nzera', 0),
(1350, 'Senga', 0),
(1351, 'Bugogwa', 104),
(1352, 'Buswelu', 104),
(1353, 'Ilemela', 104),
(1354, 'Kirumba', 104),
(1355, 'Kitangiri', 104),
(1356, 'Nyakato', 104),
(1357, 'Nyamanoro', 104),
(1358, 'Pasiansi', 104),
(1359, 'Sangabuye', 104),
(1360, 'Budalabujiga', 141),
(1361, 'Bumera', 141),
(1362, 'Chinamili', 141),
(1363, 'Ikindilo (Ikindiro)', 141),
(1364, 'Kinang\'weli', 141),
(1365, 'Lagangabilili', 141),
(1366, 'Lugulu', 141),
(1367, 'Mbita', 141),
(1368, 'Mhunze', 141),
(1369, 'Migato', 141),
(1370, 'Mwalushu', 141),
(1371, 'Mwamapalala', 141),
(1372, 'Mwamtani', 141),
(1373, 'Mwaswale', 141),
(1374, 'Ndolelezi', 141),
(1375, 'Nhobora', 141),
(1376, 'Nkoma', 141),
(1377, 'Nkuyu', 141),
(1378, 'Nyamalapa', 141),
(1379, 'Sagata', 141),
(1380, 'Sawida', 141),
(1381, 'Zagayu', 141),
(1382, 'Bugarama', 0),
(1383, 'Bukomela', 0),
(1384, 'Bulige', 0),
(1385, 'Bulungwa', 0),
(1386, 'Bulyanhulu', 0),
(1387, 'Busangi', 0),
(1388, 'Chambo', 0),
(1389, 'Chela', 0),
(1390, 'Chona', 0),
(1391, 'Idahina', 0),
(1392, 'Igunda', 0),
(1393, 'Igwamanoni', 0),
(1394, 'Isaka', 0),
(1395, 'Jana', 0),
(1396, 'Kashishi', 0),
(1397, 'Kinamapula', 0),
(1398, 'Kisuke', 0),
(1399, 'Lunguya', 0),
(1400, 'Mapamba', 0),
(1401, 'Mega', 0),
(1402, 'Mpunze', 0),
(1403, 'Mwalugulu', 0),
(1404, 'Mwanase', 0),
(1405, 'Ngaya', 0),
(1406, 'Ntobo', 0),
(1407, 'Nyankende', 0),
(1408, 'Sabasabini', 0),
(1409, 'Segese', 0),
(1410, 'Shilela', 0),
(1411, 'Ubagwe', 0),
(1412, 'Ukune', 0),
(1413, 'Ulewe', 0),
(1414, 'Ulowa', 0),
(1415, 'Ushetu', 0),
(1416, 'Uyogo', 0),
(1417, 'Kahama Town', 0),
(1418, 'Busoka', 0),
(1419, 'Isagehe', 0),
(1420, 'Iyenze', 0),
(1421, 'Kagongwa', 0),
(1422, 'Kahama Mjini', 0),
(1423, 'Kilago', 0),
(1424, 'Kinaga', 0),
(1425, 'Majengo', 0),
(1426, 'Malunga', 0),
(1427, 'Mhongolo', 0),
(1428, 'Mhungula', 0),
(1429, 'Mondo', 0),
(1430, 'Mwendakulima', 0),
(1431, 'Ngogwa', 0),
(1432, 'Nyahanga', 0),
(1433, 'Nyandekwa', 0),
(1434, 'Nyasubi', 0),
(1435, 'Nyihogo', 0),
(1436, 'Wendele', 0),
(1437, 'Zongomera', 0),
(1438, 'Gwanumpu (Gwamumpu)', 42),
(1439, 'Kakonko', 42),
(1440, 'Kasanda', 42),
(1441, 'Kasuga (Kasunga)', 42),
(1442, 'Katanga', 42),
(1443, 'Kiziguzigu', 42),
(1444, 'Mugunzu', 42),
(1445, 'Muhange', 42),
(1446, 'Nyabibuye', 42),
(1447, 'Nyamtukuza', 42),
(1448, 'Rugenge', 42),
(1449, 'Bugene', 33),
(1450, 'Bweranyange', 33),
(1451, 'Chanika', 33),
(1452, 'Chonyonyo', 33),
(1453, 'Igurwa', 33),
(1454, 'Ihanda', 33),
(1455, 'Ihembe', 33),
(1456, 'Kanoni', 33),
(1457, 'Kayanga', 33),
(1458, 'Kibondo', 33),
(1459, 'Kihanga', 33),
(1460, 'Kiruruma', 33),
(1461, 'Kituntu', 33),
(1462, 'Ndama', 33),
(1463, 'Nyabiyonza', 33),
(1464, 'Nyaishozi', 33),
(1465, 'Nyakabanga', 33),
(1466, 'Nyakahanga', 33),
(1467, 'Nyakakika', 33),
(1468, 'Nyakasimbi', 33),
(1469, 'Rugera', 33),
(1470, 'Rugu', 33),
(1471, 'Asante Nyerere', 0),
(1472, 'Bugaga', 0),
(1473, 'Buhoro', 0),
(1474, 'Herushingo', 0),
(1475, 'Kagerankanda', 0),
(1476, 'Kigembe', 0),
(1477, 'Kitagata', 0),
(1478, 'Kitanga', 0),
(1479, 'Kurugongo', 0),
(1480, 'Kwaga', 0),
(1481, 'Muzye', 0),
(1482, 'Nyachenda', 0),
(1483, 'Nyakitonto', 0),
(1484, 'Nyamidaho', 0),
(1485, 'Nyamnyusi', 0),
(1486, 'Rungwe Mpya', 0),
(1487, 'Rusesa', 0),
(1488, 'Shunguliba', 0),
(1489, 'Titye', 0),
(1490, 'Kasulu Town', 0),
(1491, 'Kasulu Mjini', 0),
(1492, 'Kigondo', 0),
(1493, 'Msambara', 0),
(1494, 'Muganza', 0),
(1495, 'Muhunga', 0),
(1496, 'Murufiti', 0),
(1497, 'Nyansha', 0),
(1498, 'Nyumbigwa', 0),
(1499, 'Ruhita', 0),
(1500, 'Bitare', 45),
(1501, 'Bunyanbo (Bunyambo)', 45),
(1502, 'Busagara', 45),
(1503, 'Busunzu', 45),
(1504, 'Itaba', 45),
(1505, 'Kibondo', 45),
(1506, 'Kitahana', 45),
(1507, 'Kizazi', 45),
(1508, 'Kumsenga', 45),
(1509, 'Mabamba', 45),
(1510, 'Misezero', 45),
(1511, 'Murungu', 45),
(1512, 'Rugongwe', 45),
(1513, 'Bitale', 0),
(1514, 'Kagongo', 0),
(1515, 'Kagunga', 0),
(1516, 'Kalinzi', 0),
(1517, 'Mahembe', 0),
(1518, 'Matendo', 0),
(1519, 'Mkigo', 0),
(1520, 'Mkongoro', 0),
(1521, 'Mungonya', 0),
(1522, 'Mwamgongo', 0),
(1523, 'Mwandiga', 0),
(1524, 'Bangwe', 47),
(1525, 'Buhanda', 47),
(1526, 'Businde', 47),
(1527, 'Buzebazeba', 47),
(1528, 'Gungu', 47),
(1529, 'Kagera', 47),
(1530, 'Kasimbu', 47),
(1531, 'Kasingirima', 47),
(1532, 'Katubuka', 47),
(1533, 'Kibirizi', 47),
(1534, 'Kigoma', 47),
(1535, 'Kipampa', 47),
(1536, 'Kitongoni', 47),
(1537, 'Machinjioni', 47),
(1538, 'Majengo', 47),
(1539, 'Mwanga Kaskazini', 47),
(1540, 'Mwanga Kusini', 47),
(1541, 'Rubuga', 47),
(1542, 'Rusimbi', 47),
(1543, 'Bubiki', 136),
(1544, 'Bunambiyu', 136),
(1545, 'Itilima', 136),
(1546, 'Kiloleli', 136),
(1547, 'Kishapu', 136),
(1548, 'Lagana', 136),
(1549, 'Masanga', 136),
(1550, 'Mondo', 136),
(1551, 'Mwadui Luhumbo (Mwadui Lohumbo)', 136),
(1552, 'Mwakipoya', 136),
(1553, 'Mwamalasa', 136),
(1554, 'Mwamashele', 136),
(1555, 'Ngofila', 136),
(1556, 'Seke-Bugoro', 136),
(1557, 'Shagihilu', 136),
(1558, 'Somagedi', 136),
(1559, 'Songwa', 136),
(1560, 'Talaga', 136),
(1561, 'Uchunga', 136),
(1562, 'Ukenyenge', 136),
(1563, 'Bugando', 105),
(1564, 'Bungulwa', 105),
(1565, 'Bupamwa', 105),
(1566, 'Fukalo', 105),
(1567, 'Hungumalwa', 105),
(1568, 'Igongwa', 105),
(1569, 'Ilula', 105),
(1570, 'Iseni', 105),
(1571, 'Kikubiji', 105),
(1572, 'Lyoma', 105),
(1573, 'Maligisu', 105),
(1574, 'Malya', 105),
(1575, 'Mantare', 105),
(1576, 'Mhande', 105),
(1577, 'Mwabomba', 105),
(1578, 'Mwagi', 105),
(1579, 'Mwakilyambiti (Mwakilambiti)', 105),
(1580, 'Mwamala', 105),
(1581, 'Mwandu', 105),
(1582, 'Mwang\'halanga', 105),
(1583, 'Mwankulwe', 105),
(1584, 'Ng\'hundi', 105),
(1585, 'Ngudu', 105),
(1586, 'Ngulla', 105),
(1587, 'Nkalalo', 105),
(1588, 'Nyambiti', 105),
(1589, 'Nyamilama', 105),
(1590, 'Shilembo', 105),
(1591, 'Sumve', 105),
(1592, 'Walla', 105),
(1593, 'Bugomora', 34),
(1594, 'Businde', 34),
(1595, 'Isingiro', 34),
(1596, 'Kaisho', 34),
(1597, 'Kamuli', 34),
(1598, 'Kibale', 34),
(1599, 'Kibingo', 34),
(1600, 'Kikukuru', 34),
(1601, 'Kimuli', 34),
(1602, 'Kyerwa', 34),
(1603, 'Mabira', 34),
(1604, 'Murongo', 34),
(1605, 'Nkwenda', 34),
(1606, 'Nyakatuntu', 34),
(1607, 'Rukuraijo', 34),
(1608, 'Rutunguru', 34),
(1609, 'Rwabwere', 34),
(1610, 'Songambele', 34),
(1611, 'Bujashi', 106),
(1612, 'Bukandwe', 106),
(1613, 'Jinjimili', 106),
(1614, 'Kahangara', 106),
(1615, 'Kisesa', 106),
(1616, 'Kitongo Sima', 106),
(1617, 'Kongolo', 106),
(1618, 'Lubugu', 106),
(1619, 'Lutale', 106),
(1620, 'Magu Mjini', 106),
(1621, 'Mwamabanza', 106),
(1622, 'Mwamanga', 106),
(1623, 'Ng\'haya', 106),
(1624, 'Nkungulu', 106),
(1625, 'Nyanguge', 106),
(1626, 'Nyigogo', 106),
(1627, 'Shishani', 106),
(1628, 'Sukuma', 106),
(1629, 'Badi', 142),
(1630, 'Binza', 142),
(1631, 'Buchambi', 142),
(1632, 'Budekwa', 142),
(1633, 'Busilili', 142),
(1634, 'Dakama', 142),
(1635, 'Ipililo', 142),
(1636, 'Isanga', 142),
(1637, 'Kadoto', 142),
(1638, 'Kulimi', 142),
(1639, 'Lalago', 142),
(1640, 'Malampaka', 142),
(1641, 'Masela', 142),
(1642, 'Mpindo', 142),
(1643, 'Mwamanenge', 142),
(1644, 'Mwamashimba', 142),
(1645, 'Mwang\'honoli', 142),
(1646, 'Nguliguli', 142),
(1647, 'Ng\'wigwa', 142),
(1648, 'Nyabubinza', 142),
(1649, 'Nyalikungu', 142),
(1650, 'Senani', 142),
(1651, 'Seng\'wa', 142),
(1652, 'Shishiyu', 142),
(1653, 'Sukuma', 142),
(1654, 'Zanzui', 142),
(1655, 'Bukandwe', 23),
(1656, 'Ikobe', 23),
(1657, 'Ikunguigazi', 23),
(1658, 'Ilolangulu', 23),
(1659, 'Iponya', 23),
(1660, 'Isebya', 23),
(1661, 'Lugunga', 23),
(1662, 'Lulembela', 23),
(1663, 'Masumbwe', 23),
(1664, 'Mbogwe', 23),
(1665, 'Nanda', 23),
(1666, 'Ngemo (Mgemo)', 23),
(1667, 'Ng\'homolwa', 23),
(1668, 'Nyakafulu', 23),
(1669, 'Nyasato', 23),
(1670, 'Ushirika', 23),
(1671, 'Bukundi', 143),
(1672, 'Imalaseko', 143),
(1673, 'Itinje', 143),
(1674, 'Kimali', 143),
(1675, 'Kisesa', 143),
(1676, 'Lingeka', 143),
(1677, 'Lubiga', 143),
(1678, 'Mwabuma', 143),
(1679, 'Mwabusalu', 143),
(1680, 'Mwabuzo', 143),
(1681, 'Mwakisandu', 143),
(1682, 'Mwamalole', 143),
(1683, 'Mwamanimba', 143),
(1684, 'Mwamanongu', 143),
(1685, 'Mwamishali', 143),
(1686, 'Mwandoya', 143),
(1687, 'Mwangundo', 143),
(1688, 'Mwanhuzi', 143),
(1689, 'Mwanjolo', 143),
(1690, 'Mwanyahina', 143),
(1691, 'Mwasengela', 143),
(1692, 'Ng\'hoboko', 143),
(1693, 'Nkoma', 143),
(1694, 'Sakasaka', 143),
(1695, 'Tindabuligi', 143),
(1696, 'Bugandika', 35),
(1697, 'Bugorora', 35),
(1698, 'Buyango', 35),
(1699, 'Bwanjai', 35),
(1700, 'Gera', 35),
(1701, 'Ishozi', 35),
(1702, 'Ishunju', 35),
(1703, 'Kakunyu', 35),
(1704, 'Kanyigo', 35),
(1705, 'Kashenye', 35),
(1706, 'Kassambya', 35),
(1707, 'Kilimilile (Kilimilil)', 35),
(1708, 'Kitobo', 35),
(1709, 'Kyaka', 35),
(1710, 'Mabale', 35),
(1711, 'Minziro', 35),
(1712, 'Mushasha', 35),
(1713, 'Mutukula', 35),
(1714, 'Nsunga', 35),
(1715, 'Ruzinga', 35),
(1716, 'Buhingo', 107),
(1717, 'Bulemeji', 107),
(1718, 'Busongo', 107),
(1719, 'Fella', 107),
(1720, 'Gulumungu', 107),
(1721, 'Idetemya', 107),
(1722, 'Igokelo', 107),
(1723, 'Ilalambogo', 107),
(1724, 'Ilujamate', 107),
(1725, 'Isesa', 107),
(1726, 'Kanyelele', 107),
(1727, 'Kasololo', 107),
(1728, 'Kijima', 107),
(1729, 'Koromije', 107),
(1730, 'Lubili', 107),
(1731, 'Mabuki', 107),
(1732, 'Mamaye', 107),
(1733, 'Mbarika', 107),
(1734, 'Misasi (Masasi)', 107),
(1735, 'Misungwi', 107),
(1736, 'Mondo', 107),
(1737, 'Mwaniko', 107),
(1738, 'Nhundulu', 107),
(1739, 'Shilalo', 107),
(1740, 'Sumbugu', 107),
(1741, 'Ukiriguru', 107),
(1742, 'Usagara', 107),
(1743, 'Biirabo', 36),
(1744, 'Bisheke', 36),
(1745, 'Buganguzi', 36),
(1746, 'Buhangaza', 36),
(1747, 'Bulyakashaju', 36),
(1748, 'Bumbire', 36),
(1749, 'Bureza', 36),
(1750, 'Burungura', 36),
(1751, 'Goziba', 36),
(1752, 'Gwanseli', 36),
(1753, 'Ibuga', 36),
(1754, 'Ijumbi', 36),
(1755, 'Ikondo', 36),
(1756, 'Ikuza', 36),
(1757, 'Izigo', 36),
(1758, 'Kabirizi', 36),
(1759, 'Kagoma', 36),
(1760, 'Kamachumu', 36),
(1761, 'Karambi', 36),
(1762, 'Kasharunga', 36),
(1763, 'Kashasha', 36),
(1764, 'Katoke', 36),
(1765, 'Kerebe', 36),
(1766, 'Kibanga', 36),
(1767, 'Kikuku', 36),
(1768, 'Kimwani', 36),
(1769, 'Kishanda', 36),
(1770, 'Kyebitembe', 36),
(1771, 'Mafumbo', 36),
(1772, 'Magata Karutanga', 36),
(1773, 'Mayondwe', 36),
(1774, 'Mazinga Kisiwa', 36),
(1775, 'Mubunda', 36),
(1776, 'Muhutwe', 36),
(1777, 'Muleba', 36),
(1778, 'Mushabago', 36),
(1779, 'Ngenge', 36),
(1780, 'Nshamba', 36),
(1781, 'Nyakabango', 36),
(1782, 'Nyakatanga', 36),
(1783, 'Ruhanga', 36),
(1784, 'Rulanda', 36),
(1785, 'Rutoro', 36),
(1786, 'Buhare', 75),
(1787, 'Bweri', 75),
(1788, 'Iringo', 75),
(1789, 'Kamunyonge', 75),
(1790, 'Kigera', 75),
(1791, 'Kitaji', 75),
(1792, 'Makoko', 75),
(1793, 'Mukendo', 75),
(1794, 'Mwigobero', 75),
(1795, 'Mwisenge', 75),
(1796, 'Nyakato', 75),
(1797, 'Nyamatare', 75),
(1798, 'Nyasho', 75),
(1799, 'Bugwema', 0),
(1800, 'Bukima', 0),
(1801, 'Bukumi', 0),
(1802, 'Bulinga', 0),
(1803, 'Busambara', 0),
(1804, 'Bwasi', 0),
(1805, 'Kiriba', 0),
(1806, 'Makojo', 0),
(1807, 'Mugango', 0),
(1808, 'Murangi', 0),
(1809, 'Nyambono', 0),
(1810, 'Nyamrandirira', 0),
(1811, 'Suguti', 0),
(1812, 'Tegeruka', 0),
(1813, 'Bugarama', 37),
(1814, 'Bukiriro', 37),
(1815, 'Kabanga', 37),
(1816, 'Kanazi', 37),
(1817, 'Kasulo', 37),
(1818, 'Keza', 37),
(1819, 'Kibimba', 37),
(1820, 'Kirushya', 37),
(1821, 'Mabawe', 37),
(1822, 'Mbuba', 37),
(1823, 'Muganza', 37),
(1824, 'Mugoma', 37),
(1825, 'Murukulazo', 37),
(1826, 'Murusagamba', 37),
(1827, 'Ngara Mjini', 37),
(1828, 'Ntobeye', 37),
(1829, 'Nyakisasa', 37),
(1830, 'Nyamiyaga', 37),
(1831, 'Rulenge', 37),
(1832, 'Rusumo', 37),
(1833, 'Buhongwa', 108),
(1834, 'Butimba', 108),
(1835, 'Igogo', 108),
(1836, 'Igoma', 108),
(1837, 'Isamilo', 108),
(1838, 'Mahina', 108),
(1839, 'Mbugani', 108),
(1840, 'Mikuyuni (Mkuyuni)', 108),
(1841, 'Mirongo', 108),
(1842, 'Mkolani', 108),
(1843, 'Nyamagana', 108),
(1844, 'Pamba', 108),
(1845, 'Bukwimba', 24),
(1846, 'Busolwa', 24),
(1847, 'Izunya', 24),
(1848, 'Kafita', 24),
(1849, 'Kakora (Kakura)', 24),
(1850, 'Kharumwa', 24),
(1851, 'Mwingiro', 24),
(1852, 'Nyabulanda', 24),
(1853, 'Nyang\'hwale', 24),
(1854, 'Nyijundu', 24),
(1855, 'Nyugwa', 24),
(1856, 'Shabaka', 24),
(1857, 'Bukura', 76),
(1858, 'Bukwe', 76),
(1859, 'Goribe', 76),
(1860, 'Ikoma', 76),
(1861, 'Kigunga', 76),
(1862, 'Kirogo', 76),
(1863, 'Kisumwa', 76),
(1864, 'Kitembe', 76),
(1865, 'Komuge', 76),
(1866, 'Koryo', 76),
(1867, 'Kyang\'ombe', 76),
(1868, 'Mirare', 76),
(1869, 'Mkoma', 76),
(1870, 'Nyahongo', 76),
(1871, 'Nyamagaro', 76),
(1872, 'Nyamtinga', 76),
(1873, 'Nyamunga', 76),
(1874, 'Nyathorogo', 76),
(1875, 'Rabour', 76),
(1876, 'Roche', 76),
(1877, 'Tai', 76),
(1878, 'Bulyaheke', 109),
(1879, 'Bupandwa', 109),
(1880, 'Busisi', 109),
(1881, 'Buyagu', 109),
(1882, 'Buzilasoga', 109),
(1883, 'Chifunfu (Chifumfu)', 109),
(1884, 'Ibisabageni', 109),
(1885, 'Igalula', 109),
(1886, 'Igulumuki', 109),
(1887, 'Irenza', 109),
(1888, 'Kafunzo', 109),
(1889, 'Kagunga', 109),
(1890, 'Kalebezo', 109),
(1891, 'Kasenyi', 109),
(1892, 'Kasungamile', 109),
(1893, 'Katunguru', 109),
(1894, 'Katwe', 109),
(1895, 'Kazunzu', 109),
(1896, 'Kishinda', 109),
(1897, 'Lugata', 109),
(1898, 'Maisome', 109),
(1899, 'Mwabaluhi (Mwambului)', 109),
(1900, 'Nyakaliro', 109),
(1901, 'Nyakasasa', 109),
(1902, 'Nyakasungwa (Nyakasunga)', 109),
(1903, 'Nyamatongo', 109),
(1904, 'Nyamazugo', 109),
(1905, 'Nyampande', 109),
(1906, 'Nyampulukano', 109),
(1907, 'Nyanzenda', 109),
(1908, 'Nyatukala', 109),
(1909, 'Nyehunge', 109),
(1910, 'Sima', 109),
(1911, 'Tabaruka', 109),
(1912, 'Busawe', 77),
(1913, 'Geitasamo', 77),
(1914, 'Ikoma', 77),
(1915, 'Issenye', 77),
(1916, 'Kebanchabancha', 77),
(1917, 'Kenyamonta', 77),
(1918, 'Kisaka', 77),
(1919, 'Kisangura', 77),
(1920, 'Kyambahi', 77),
(1921, 'Machochwe', 77),
(1922, 'Magange', 77),
(1923, 'Majimoto', 77),
(1924, 'Manchira', 77),
(1925, 'Mbalibali', 77),
(1926, 'Morotonga', 77),
(1927, 'Mosongo', 77),
(1928, 'Mugumu', 77),
(1929, 'Natta', 77),
(1930, 'Nyamatare', 77),
(1931, 'Nyambureti', 77),
(1932, 'Nyamoko', 77),
(1933, 'Nyansurura', 77),
(1934, 'Rigicha', 77),
(1935, 'Ring\'wani', 77),
(1936, 'Rung\'abure', 77),
(1937, 'Sedeco', 77),
(1938, 'Stendi Kuu', 77),
(1939, 'Uwanja wa Ndege', 77),
(1940, 'Chamaguha', 138),
(1941, 'Chibe', 138),
(1942, 'Ibadakuli', 138),
(1943, 'Ibinzamata', 138),
(1944, 'Kambarage', 138),
(1945, 'Kitangili', 138),
(1946, 'Kizumbi', 138),
(1947, 'Kolandoto', 138),
(1948, 'Lubaga', 138),
(1949, 'Masekelo', 138),
(1950, 'Mwamalili', 138),
(1951, 'Mwawaza', 138),
(1952, 'Ndala', 138),
(1953, 'Ndembezi', 138),
(1954, 'Ngokolo', 138),
(1955, 'Old Shinyanga', 138),
(1956, 'Shinyanga Mjini', 138),
(1957, 'Bukene', 0),
(1958, 'Didia', 0),
(1959, 'Ilola', 0),
(1960, 'Imesela', 0),
(1961, 'Iselamagazi', 0),
(1962, 'Itwangi', 0),
(1963, 'Lyabukande', 0),
(1964, 'Lyabusalu', 0),
(1965, 'Lyamidati', 0),
(1966, 'Masengwa', 0),
(1967, 'Mwakitolyo (Mwakitolyoo)', 0),
(1968, 'Mwalukwa', 0),
(1969, 'Mwamala', 0),
(1970, 'Mwantini', 0),
(1971, 'Mwenge', 0),
(1972, 'Nsalala', 0),
(1973, 'Nyamalogo', 0),
(1974, 'Nyida', 0),
(1975, 'Pandagichiza', 0),
(1976, 'Puni', 0),
(1977, 'Salawe', 0),
(1978, 'Samuye', 0),
(1979, 'Solwa', 0),
(1980, 'Tinde', 0),
(1981, 'Usanda', 0),
(1982, 'Usule', 0),
(1983, 'Binagi', 78),
(1984, 'Bomani', 78),
(1985, 'Bumera', 78),
(1986, 'Genyange', 78),
(1987, 'Gorong\'a', 78),
(1988, 'Itiryo', 78),
(1989, 'Kemambo', 78),
(1990, 'Kentare', 78),
(1991, 'Kibasuka', 78),
(1992, 'Kiore', 78),
(1993, 'Komaswa', 78),
(1994, 'Manga', 78),
(1995, 'Matongo', 78),
(1996, 'Mbogi', 78),
(1997, 'Muriba', 78),
(1998, 'Mwema', 78),
(1999, 'Nyakonga', 78),
(2000, 'Nyamaranga', 78),
(2001, 'Nyamisangura', 78),
(2002, 'Nyamwaga', 78),
(2003, 'Nyandoto', 78),
(2004, 'Nyansincha (Nyansicha)', 78),
(2005, 'Nyanungu', 78),
(2006, 'Nyarero', 78),
(2007, 'Nyarokoba', 78),
(2008, 'Pemba', 78),
(2009, 'Sabasaba', 78),
(2010, 'Sirari', 78),
(2011, 'Susuni', 78),
(2012, 'Turwa', 78),
(2013, 'Bukanda', 110),
(2014, 'Bukiko (Bukiro)', 110),
(2015, 'Bukindo', 110),
(2016, 'Bukongo', 110),
(2017, 'Bukungu', 110),
(2018, 'Bwiro', 110),
(2019, 'Bwisya', 110),
(2020, 'Igalla (Igala)', 110),
(2021, 'Ilangala', 110),
(2022, 'Irugwa', 110),
(2023, 'Kagera', 110),
(2024, 'Kagunguli', 110),
(2025, 'Kakerege', 110),
(2026, 'Mukituntu', 110),
(2027, 'Muriti', 110),
(2028, 'Murutunguru', 110),
(2029, 'Nakatunguru', 110),
(2030, 'Namagondo', 110),
(2031, 'Namilembe', 110),
(2032, 'Nansio', 110),
(2033, 'Nduruma', 110),
(2034, 'Ngoma', 110),
(2035, 'Nkilizya', 110),
(2036, 'Nyamanga', 110),
(2037, 'Buhingu', 48),
(2038, 'Igalula', 48),
(2039, 'Ilagala', 48),
(2040, 'Itebula', 48),
(2041, 'Kalya', 48),
(2042, 'Kandaga', 48),
(2043, 'Kazuramimba', 48),
(2044, 'Mganza', 48),
(2045, 'Mtego wa Noti', 48),
(2046, 'Nguruka', 48),
(2047, 'Sigunga', 48),
(2048, 'Simbo', 48),
(2049, 'Sunuka', 48),
(2050, 'Uvinza', 48),
(2051, 'Baraa', 2),
(2052, 'Daraja Mbili', 2),
(2053, 'Elerai', 2),
(2054, 'Engutoto', 2),
(2055, 'Kaloleni', 2),
(2056, 'Kati', 2),
(2057, 'Kimandolu', 2),
(2058, 'Lemara', 2),
(2059, 'Levolosi', 2),
(2060, 'Moshono', 2),
(2061, 'Ngarenaro', 2),
(2062, 'Olasiti', 2),
(2063, 'Oloirien (Oloirieni)', 2),
(2064, 'Sekei', 2),
(2065, 'Sokoni I', 2),
(2066, 'Sombetini', 2),
(2067, 'Terrat', 2),
(2068, 'Themi', 2),
(2069, 'Unga Limited', 2),
(2070, 'Bangata', 3),
(2071, 'Bwawani', 3),
(2072, 'Ilkiding\'a', 3),
(2073, 'Kimnyaki', 3),
(2074, 'Kiranyi', 3),
(2075, 'Kisongo', 3),
(2076, 'Mateves', 3),
(2077, 'Mlangarini', 3),
(2078, 'Moivo', 3),
(2079, 'Mussa', 3),
(2080, 'Mwandeti', 3),
(2081, 'Nduruma', 3),
(2082, 'Oldonyosambu', 3),
(2083, 'Oljoro', 3),
(2084, 'Olkokola', 3),
(2085, 'Olmotonyi', 3),
(2086, 'Olorieni', 3),
(2087, 'Oltoroto', 3),
(2088, 'Oltrumet', 3),
(2089, 'Sambasha', 3),
(2090, 'Sokoni II', 3),
(2091, 'Arri', 0),
(2092, 'Ayasanda', 0),
(2093, 'Baoy (Boay)', 0),
(2094, 'Bashnet (Bashneti)', 0),
(2095, 'Dabil', 0),
(2096, 'Dareda', 0),
(2097, 'Duru', 0),
(2098, 'Endakiso (Endokise)', 0),
(2099, 'Gallapo (Galapo)', 0),
(2100, 'Gidas', 0),
(2101, 'Kiru', 0),
(2102, 'Madunga', 0),
(2103, 'Magara', 0),
(2104, 'Magugu', 0),
(2105, 'Mamire', 0),
(2106, 'Mwada', 0),
(2107, 'Nar', 0),
(2108, 'Nkaiti', 0),
(2109, 'Qash (Qashi)', 0),
(2110, 'Riroda', 0),
(2111, 'Ufana', 0),
(2112, 'Babati Town', 0),
(2113, 'Babati', 0),
(2114, 'Bagara', 0),
(2115, 'Bonga', 0),
(2116, 'Maisaka', 0),
(2117, 'Mutuka', 0),
(2118, 'Nangara', 0),
(2119, 'Sigino', 0),
(2120, 'Singe', 0),
(2121, 'Hai Mjini', 49),
(2122, 'KIA', 49),
(2123, 'Machame Kaskazini', 49),
(2124, 'Machame Kusini', 49),
(2125, 'Machame Magharibi', 49),
(2126, 'Machame Mashariki', 49),
(2127, 'Machame Narumu', 49),
(2128, 'Machame Uroki', 49),
(2129, 'Machame Weruweru', 49),
(2130, 'Masama Kati', 49),
(2131, 'Masama Kusini', 49),
(2132, 'Masama Magharibi', 49),
(2133, 'Masama Mashariki', 49),
(2134, 'Masama Rundugai', 49),
(2135, 'Balangidalalu (Balagidalalu)', 68),
(2136, 'Bassodesh', 68),
(2137, 'Bassotu', 68),
(2138, 'Dirma', 68),
(2139, 'Endasak', 68),
(2140, 'Endasiwold', 68),
(2141, 'Ganana', 68),
(2142, 'Gehandu', 68),
(2143, 'Gendabi', 68),
(2144, 'Getanuwas', 68),
(2145, 'Gidahababieg', 68),
(2146, 'Gisambalang', 68),
(2147, 'Gitting (Giting)', 68),
(2148, 'Hidet', 68),
(2149, 'Hirbadaw', 68),
(2150, 'Katesh', 68),
(2151, 'Laghanga', 68),
(2152, 'Lalaji', 68),
(2153, 'Masakta', 68),
(2154, 'Masqaroda', 68),
(2155, 'Measkron (Maskron)', 68),
(2156, 'Mogitu', 68),
(2157, 'Nangwa', 68),
(2158, 'Simbay', 68),
(2159, 'Sirop', 68),
(2160, 'Kabuku', 0),
(2161, 'Kabuku Ndani', 0),
(2162, 'Kang\'ata', 0),
(2163, 'Kiva', 0),
(2164, 'Komkonga', 0),
(2165, 'Kwachaga', 0),
(2166, 'Kwaluguru', 0),
(2167, 'Kwamatuku', 0),
(2168, 'Kwamgwe', 0),
(2169, 'Kwamsisi', 0),
(2170, 'Kwankonje (Kwamkonje)', 0),
(2171, 'Kwasunga', 0),
(2172, 'Kwedizinga', 0),
(2173, 'Mazingara', 0),
(2174, 'Mgambo', 0),
(2175, 'Misima', 0),
(2176, 'Mkata', 0),
(2177, 'Ndolwa', 0),
(2178, 'Segera', 0),
(2179, 'Sindeni', 0),
(2180, 'Handeni Town', 0),
(2181, 'Chanika', 0),
(2182, 'Kideleko', 0),
(2183, 'Konje', 0),
(2184, 'Kwamagome', 0),
(2185, 'Kwediyamba', 0),
(2186, 'Kwenjugo', 0),
(2187, 'Mabanda', 0),
(2188, 'Malezi', 0),
(2189, 'Mdoe', 0),
(2190, 'Mlimani', 0),
(2191, 'Msasa', 0),
(2192, 'Vibaoni', 0),
(2193, 'Baray', 4),
(2194, 'Buger', 4),
(2195, 'Daa', 4),
(2196, 'Endabash', 4),
(2197, 'Endamaghang', 4),
(2198, 'Endamarariek', 4),
(2199, 'Ganako', 4),
(2200, 'Kansay', 4),
(2201, 'Karatu', 4),
(2202, 'Mang\'ola', 4),
(2203, 'Mbulumbulu', 4),
(2204, 'Oldeani', 4),
(2205, 'Qurus', 4),
(2206, 'Rhotia', 4),
(2207, 'Jaila', 163),
(2208, 'Kibirashi', 163),
(2209, 'Kikunde', 163),
(2210, 'Kilindi', 163),
(2211, 'Kilwa', 163),
(2212, 'Kimbe', 163),
(2213, 'Kisangasa', 163),
(2214, 'Kwediboma', 163),
(2215, 'Kwekivu', 163),
(2216, 'Lwande', 163),
(2217, 'Mabalanga', 163),
(2218, 'Masagulu (Masagalu)', 163),
(2219, 'Mkindi', 163),
(2220, 'Msanja', 163),
(2221, 'Mvungwe', 163),
(2222, 'Negero', 163),
(2223, 'Pagwi', 163),
(2224, 'Saunyi', 163),
(2225, 'Songe', 163),
(2226, 'Tunguli', 163),
(2227, 'Bwagamoyo', 69),
(2228, 'Chapakazi', 69),
(2229, 'Dongo', 69),
(2230, 'Dosidosi', 69),
(2231, 'Engusero', 69),
(2232, 'Kibaya', 69),
(2233, 'Kijungu', 69),
(2234, 'Lengatei', 69),
(2235, 'Loolera', 69),
(2236, 'Magungu', 69),
(2237, 'Makame', 69),
(2238, 'Matui', 69),
(2239, 'Namelock', 69),
(2240, 'Ndedo', 69),
(2241, 'Njoro', 69),
(2242, 'Olboloti (Olboroti)', 69),
(2243, 'Partimbo', 69),
(2244, 'Songambele', 69),
(2245, 'Sunya', 69),
(2246, 'Bungu', 0),
(2247, 'Chekelei', 0),
(2248, 'Dindira', 0),
(2249, 'Kerenge', 0),
(2250, 'Kizara', 0),
(2251, 'Kwagunda', 0),
(2252, 'Kwashemshi', 0),
(2253, 'Lutindi', 0),
(2254, 'Magamba Kwalukonge', 0),
(2255, 'Magoma', 0),
(2256, 'Makuyuni', 0),
(2257, 'Mashewa', 0),
(2258, 'Mazinde', 0),
(2259, 'Mkalamo', 0),
(2260, 'Mkomazi', 0),
(2261, 'Mnyuzi', 0),
(2262, 'Mombo', 0),
(2263, 'Mpale', 0),
(2264, 'Mswaha', 0),
(2265, 'Vugiri', 0),
(2266, 'Korogwe Town', 0),
(2267, 'Kilole', 0),
(2268, 'Kwamndolwa', 0),
(2269, 'Kwamsisi', 0),
(2270, 'Magunga', 0),
(2271, 'Manundu', 0),
(2272, 'Mtonga', 0),
(2273, 'Ngombezi', 0),
(2274, 'Old Korogwe', 0),
(2275, 'Eleng\'ata Dapash', 5),
(2276, 'Engarenaibor', 5),
(2277, 'Engikaret', 5),
(2278, 'Gelai Lumbwa', 5),
(2279, 'Gelai Meirugoi', 5),
(2280, 'Ilorienito', 5),
(2281, 'Kamwanga', 5),
(2282, 'Kimokouwa', 5),
(2283, 'Kitumbeine (Kitumbeine)', 5),
(2284, 'Longido', 5),
(2285, 'Matale', 5),
(2286, 'Mundarara', 5),
(2287, 'Namanga', 5),
(2288, 'Olmolog', 5),
(2289, 'Orbomba', 5),
(2290, 'Tingatinga', 5),
(2291, 'Baga', 166),
(2292, 'Bumbuli', 166),
(2293, 'Dule \'B\'', 166),
(2294, 'Dule \'M\'', 166),
(2295, 'Funta', 166),
(2296, 'Gare', 166),
(2297, 'Hemtoye', 166),
(2298, 'Kilole', 166),
(2299, 'Kwai', 166),
(2300, 'Kwekanga', 166),
(2301, 'Kwemashai', 166),
(2302, 'Kwemshasha', 166),
(2303, 'Lukozi', 166),
(2304, 'Lunguza', 166),
(2305, 'Lushoto', 166),
(2306, 'Maheza Ngulu', 166),
(2307, 'Makanya', 166),
(2308, 'Malibwi', 166),
(2309, 'Malindi', 166),
(2310, 'Mamba', 166),
(2311, 'Manolo', 166),
(2312, 'Mayo', 166),
(2313, 'Mbaramo', 166),
(2314, 'Mbuzii', 166),
(2315, 'Mgwashi', 166),
(2316, 'Milingano (Milingano)', 166),
(2317, 'Mlalo', 166),
(2318, 'Mlola', 166),
(2319, 'Mnazi', 166),
(2320, 'Mng\'aro', 166),
(2321, 'Mponde', 166),
(2322, 'Mtae', 166),
(2323, 'Mwangoi', 166),
(2324, 'Ngulwi', 166),
(2325, 'Ngwelo', 166),
(2326, 'Nkongoi', 166),
(2327, 'Rangwi', 166),
(2328, 'Shume', 166),
(2329, 'Soni', 166),
(2330, 'Sunga', 166),
(2331, 'Tamota', 166),
(2332, 'Ubiri', 166),
(2333, 'Usambara', 166),
(2334, 'Vuga', 166),
(2335, 'Ayamaami', 70),
(2336, 'Ayamohe', 70),
(2337, 'Bargish', 70);
INSERT INTO `wards` (`id`, `name`, `district_id`) VALUES
(2338, 'Bashay', 70),
(2339, 'Daudi', 70),
(2340, 'Dinamu', 70),
(2341, 'Dongobesh', 70),
(2342, 'Endagikot', 70),
(2343, 'Endamilay', 70),
(2344, 'Eshkesh', 70),
(2345, 'Gehandu', 70),
(2346, 'Geterer', 70),
(2347, 'Gidihim', 70),
(2348, 'Gunyoda', 70),
(2349, 'Hayderer', 70),
(2350, 'Haydom', 70),
(2351, 'Imboru', 70),
(2352, 'Kainam', 70),
(2353, 'Maghang', 70),
(2354, 'Marang', 70),
(2355, 'Maretadu', 70),
(2356, 'Masieda', 70),
(2357, 'Masqaroda', 70),
(2358, 'Murray', 70),
(2359, 'Nahasey', 70),
(2360, 'Nambisi', 70),
(2361, 'Sanu Baray', 70),
(2362, 'Tlawi', 70),
(2363, 'Tumati', 70),
(2364, 'Uhuru', 70),
(2365, 'Yaeda Ampa', 70),
(2366, 'Yaeda Chini', 70),
(2367, 'Akheri', 1),
(2368, 'Kikatiti', 1),
(2369, 'Kikwe', 1),
(2370, 'King\'ori', 1),
(2371, 'Leguruki', 1),
(2372, 'Maji ya Chai', 1),
(2373, 'Makiba', 1),
(2374, 'Maroroni', 1),
(2375, 'Mbuguni', 1),
(2376, 'Ngarenanyuki', 1),
(2377, 'Nkoanrua', 1),
(2378, 'Nkoaranga', 1),
(2379, 'Nkoarisambu', 1),
(2380, 'Poli', 1),
(2381, 'Seela Sing\'isi', 1),
(2382, 'Songoro', 1),
(2383, 'Usa River', 1),
(2384, 'Boma', 168),
(2385, 'Bosha', 168),
(2386, 'Bwiti', 168),
(2387, 'Daluni', 168),
(2388, 'Doda', 168),
(2389, 'Duga', 168),
(2390, 'Gombero', 168),
(2391, 'Kigongoi', 168),
(2392, 'Kwale', 168),
(2393, 'Manza', 168),
(2394, 'Mapatano', 168),
(2395, 'Maramba', 168),
(2396, 'Mayomboni', 168),
(2397, 'Mhinduro', 168),
(2398, 'Mkinga', 168),
(2399, 'Mnyenzani', 168),
(2400, 'Moa', 168),
(2401, 'Mtimbwani', 168),
(2402, 'Mwakijembe', 168),
(2403, 'Parungu Kasera', 168),
(2404, 'Sigaya', 168),
(2405, 'Engaruka', 6),
(2406, 'Engutoto', 6),
(2407, 'Esilalei', 6),
(2408, 'Lepurko', 6),
(2409, 'Lolkisale', 6),
(2410, 'Majengo', 6),
(2411, 'Makuyuni', 6),
(2412, 'Meserani', 6),
(2413, 'Moita', 6),
(2414, 'Monduli Juu', 6),
(2415, 'Monduli Mjini', 6),
(2416, 'Mswakini', 6),
(2417, 'Mto wa Mbu', 6),
(2418, 'Selela', 6),
(2419, 'Sepeko', 6),
(2420, 'Boma Mbuzi', 51),
(2421, 'Bondeni', 51),
(2422, 'Kaloleni', 51),
(2423, 'Karanga', 51),
(2424, 'Kiboriloni', 51),
(2425, 'Kilimanjaro', 51),
(2426, 'Kiusa', 51),
(2427, 'Korongoni', 51),
(2428, 'Longuo B', 51),
(2429, 'Majengo', 51),
(2430, 'Mawenzi', 51),
(2431, 'Mfumuni', 51),
(2432, 'Miembeni', 51),
(2433, 'Mji Mpya', 51),
(2434, 'Msaranga', 51),
(2435, 'Ng\'ambo', 51),
(2436, 'Njoro', 51),
(2437, 'Pasua', 51),
(2438, 'Rau', 51),
(2439, 'Shirimatunda', 51),
(2440, 'Soweto', 51),
(2441, 'Arusha Chini', 0),
(2442, 'Kahe', 0),
(2443, 'Kahe Mashariki', 0),
(2444, 'Kibosho Kati', 0),
(2445, 'Kibosho Magharibi', 0),
(2446, 'Kibosho Mashariki', 0),
(2447, 'Kilema Kaskazini', 0),
(2448, 'Kilema Kati', 0),
(2449, 'Kilema Kusini', 0),
(2450, 'Kimochi', 0),
(2451, 'Kindi', 0),
(2452, 'Kirima', 0),
(2453, 'Kirua Vunjo Kusini', 0),
(2454, 'Kirua Vunjo Magharibi', 0),
(2455, 'Kirua Vunjo Mashariki', 0),
(2456, 'Mabogini', 0),
(2457, 'Makuyuni', 0),
(2458, 'Mamba Kaskazini', 0),
(2459, 'Mamba Kusini', 0),
(2460, 'Marangu Magharibi', 0),
(2461, 'Marangu Mashariki', 0),
(2462, 'Mbokomu', 0),
(2463, 'Mwika Kaskazini', 0),
(2464, 'Mwika Kusini', 0),
(2465, 'Okaoni', 0),
(2466, 'Old Moshi Magharibi', 0),
(2467, 'Old Moshi Mashariki', 0),
(2468, 'Uru Kaskazini', 0),
(2469, 'Uru Kusini', 0),
(2470, 'Uru Mashariki', 0),
(2471, 'Uru Shimbwe', 0),
(2472, 'Amani', 167),
(2473, 'Bwembwera', 167),
(2474, 'Genge', 167),
(2475, 'Kicheba', 167),
(2476, 'Kigombe', 167),
(2477, 'Kilulu', 167),
(2478, 'Kisiwani', 167),
(2479, 'Kwafungo', 167),
(2480, 'Kwakifua', 167),
(2481, 'Kwemkabala', 167),
(2482, 'Lusanga', 167),
(2483, 'Magila', 167),
(2484, 'Magoroto', 167),
(2485, 'Majengo', 167),
(2486, 'Masuguru', 167),
(2487, 'Mbaramo', 167),
(2488, 'Mbomole', 167),
(2489, 'Mhamba', 167),
(2490, 'Misalai', 167),
(2491, 'Misozwe', 167),
(2492, 'Mkuzi', 167),
(2493, 'Mlingoni (Mlingano)', 167),
(2494, 'Mpapayu', 167),
(2495, 'Mtindiro', 167),
(2496, 'Ngomeni', 167),
(2497, 'Nkumba', 167),
(2498, 'Pande Darajani', 167),
(2499, 'Potwe', 167),
(2500, 'Songa', 167),
(2501, 'Tanganyika', 167),
(2502, 'Tingeni', 167),
(2503, 'Tongwe', 167),
(2504, 'Zirai', 167),
(2505, 'Chomvu', 52),
(2506, 'Jipe', 52),
(2507, 'Kifula', 52),
(2508, 'Kighare', 52),
(2509, 'Kigonigoni (Kigoningoni)', 52),
(2510, 'Kileo', 52),
(2511, 'Kilomeni', 52),
(2512, 'Kirongwe', 52),
(2513, 'Kirya', 52),
(2514, 'Kivisini', 52),
(2515, 'Kwakoa', 52),
(2516, 'Lang\'ata', 52),
(2517, 'Lembeni', 52),
(2518, 'Mgagao', 52),
(2519, 'Msangeni', 52),
(2520, 'Mwanga', 52),
(2521, 'Mwaniko', 52),
(2522, 'Ngujini', 52),
(2523, 'Shighatini', 52),
(2524, 'Toloha', 52),
(2525, 'Alailelai', 7),
(2526, 'Arash', 7),
(2527, 'Digodigo', 7),
(2528, 'Enduleni (Endulen)', 7),
(2529, 'Enguserosambu', 7),
(2530, 'Kakesio', 7),
(2531, 'Maalon', 7),
(2532, 'Malambo', 7),
(2533, 'Nainokanoka', 7),
(2534, 'Naiyobi', 7),
(2535, 'Ngorongoro', 7),
(2536, 'Olbalbal', 7),
(2537, 'Oldonyo-Sambu', 7),
(2538, 'Oloipiri', 7),
(2539, 'Oloirien', 7),
(2540, 'Ololosokwan', 7),
(2541, 'Orgosorok', 7),
(2542, 'Pinyinyi', 7),
(2543, 'Sale', 7),
(2544, 'Samunge', 7),
(2545, 'Soit-Sambu', 7),
(2546, 'Bushiri', 169),
(2547, 'Bweni', 169),
(2548, 'Kimang\'a', 169),
(2549, 'Kipumbwi', 169),
(2550, 'Madanga', 169),
(2551, 'Mikunguni', 169),
(2552, 'Mkalamo', 169),
(2553, 'Mkwaja', 169),
(2554, 'Mwera', 169),
(2555, 'Pangani Magharibi', 169),
(2556, 'Pangani Mashariki', 169),
(2557, 'Tungamaa', 169),
(2558, 'Ubangaa', 169),
(2559, 'Holili', 53),
(2560, 'Katangara Mrere', 53),
(2561, 'Kelamfua Mokala', 53),
(2562, 'Keni Aleni', 53),
(2563, 'Keni Mengeni', 53),
(2564, 'Kirongo Samanga', 53),
(2565, 'Kirwa Keni', 53),
(2566, 'Kisale Masangara', 53),
(2567, 'Kitirima Kingachi', 53),
(2568, 'Mahida', 53),
(2569, 'Makiidi', 53),
(2570, 'Mamsera', 53),
(2571, 'Manda', 53),
(2572, 'Marangu Kitowo', 53),
(2573, 'Mengwe', 53),
(2574, 'Motamburu Kitendeni', 53),
(2575, 'Mrao Keryo', 53),
(2576, 'Nanjala Reha', 53),
(2577, 'Ngoyoni', 53),
(2578, 'Olele', 53),
(2579, 'Shimbi', 53),
(2580, 'Tarakea Motamburu', 53),
(2581, 'Ubetu Kahe', 53),
(2582, 'Ushiri Ikuini', 53),
(2583, 'Bendera', 54),
(2584, 'Bombo', 54),
(2585, 'Bwambo', 54),
(2586, 'Chome', 54),
(2587, 'Hedaru', 54),
(2588, 'Kalemawe', 54),
(2589, 'Kihurio', 54),
(2590, 'Kirangare', 54),
(2591, 'Kisima', 54),
(2592, 'Kisiwani', 54),
(2593, 'Lugulu', 54),
(2594, 'Mabilioni', 54),
(2595, 'Makanya', 54),
(2596, 'Maore', 54),
(2597, 'Mhezi', 54),
(2598, 'Mpinji', 54),
(2599, 'Mshewa', 54),
(2600, 'Msindo', 54),
(2601, 'Mtii', 54),
(2602, 'Mwembe', 54),
(2603, 'Myamba', 54),
(2604, 'Ndungu', 54),
(2605, 'Njoro', 54),
(2606, 'Ruvu', 54),
(2607, 'Same', 54),
(2608, 'Stesheni', 54),
(2609, 'Suji', 54),
(2610, 'Vudee', 54),
(2611, 'Vuje', 54),
(2612, 'Vumari', 54),
(2613, 'Vunta', 54),
(2614, 'Biriri', 55),
(2615, 'Gararagua', 55),
(2616, 'Karansi', 55),
(2617, 'Kashashi (Kashisha)', 55),
(2618, 'Livishi', 55),
(2619, 'Makiwaru', 55),
(2620, 'Naeny (Ivaeny)', 55),
(2621, 'Nasai', 55),
(2622, 'Ndumeti', 55),
(2623, 'Ngarenairobi', 55),
(2624, 'Olkolili', 55),
(2625, 'Sanya Juu', 55),
(2626, 'Emboreet', 71),
(2627, 'Endiamtu (Endiantu)', 71),
(2628, 'Endonyongijape', 71),
(2629, 'Kitwai', 71),
(2630, 'Komolo', 71),
(2631, 'Liborsoit', 71),
(2632, 'Loiborsiret', 71),
(2633, 'Mrerani (Mererani)', 71),
(2634, 'Msitu wa Tembo', 71),
(2635, 'Naberera', 71),
(2636, 'Naisinyai', 71),
(2637, 'Ngorika', 71),
(2638, 'Oljoro No. 5', 71),
(2639, 'Orkesumet (Orkesmet)', 71),
(2640, 'Ruvu Remiti', 71),
(2641, 'Shambarai', 71),
(2642, 'Terrat', 71),
(2643, 'Central', 0),
(2644, 'Chongoleani', 0),
(2645, 'Chumbageni', 0),
(2646, 'Duga', 0),
(2647, 'Kiomoni', 0),
(2648, 'Kirare', 0),
(2649, 'Mabawa', 0),
(2650, 'Mabokweni', 0),
(2651, 'Majengo', 0),
(2652, 'Makorora', 0),
(2653, 'Marungu', 0),
(2654, 'Maweni', 0),
(2655, 'Msambweni', 0),
(2656, 'Mwanzange', 0),
(2657, 'Mzingani', 0),
(2658, 'Mzizima', 0),
(2659, 'Ngamiani Kaskazini', 0),
(2660, 'Ngamiani Kati', 0),
(2661, 'Ngamiani Kusini', 0),
(2662, 'Nguvumali', 0),
(2663, 'Pongwe', 0),
(2664, 'Tangasisi', 0),
(2665, 'Tongoni', 0),
(2666, 'Usagara', 0),
(2667, 'Chalangwa', 80),
(2668, 'Chokaa', 80),
(2669, 'Ifumbo', 80),
(2670, 'Itewe', 80),
(2671, 'Kambikatoto', 80),
(2672, 'Lupa Tingatinga', 80),
(2673, 'Luwalaje', 80),
(2674, 'Mafyeko', 80),
(2675, 'Makongorosi (Makongolosi)', 80),
(2676, 'Mamba', 80),
(2677, 'Matundasi', 80),
(2678, 'Matwiga', 80),
(2679, 'Mbugani', 80),
(2680, 'Mkola', 80),
(2681, 'Mtanila', 80),
(2682, 'Sangambi', 80),
(2683, 'Bupigu', 150),
(2684, 'Chitete', 150),
(2685, 'Ibaba', 150),
(2686, 'Ikinga', 150),
(2687, 'Isongole', 150),
(2688, 'Itale', 150),
(2689, 'Itumba', 150),
(2690, 'Kafule', 150),
(2691, 'Kalembo', 150),
(2692, 'Lubanda', 150),
(2693, 'Luswisi', 150),
(2694, 'Malangali', 150),
(2695, 'Mbebe', 150),
(2696, 'Mlale', 150),
(2697, 'Ndola', 150),
(2698, 'Ngulilo', 150),
(2699, 'Ngulugulu', 150),
(2700, 'Sange', 150),
(2701, 'Gangilonga', 26),
(2702, 'Ilala', 26),
(2703, 'Isakalilo', 26),
(2704, 'Kihesa', 26),
(2705, 'Kitanzini', 26),
(2706, 'Kitwiru', 26),
(2707, 'Kwakilosa', 26),
(2708, 'Makorongoni', 26),
(2709, 'Mivinjeni', 26),
(2710, 'Mkwawa', 26),
(2711, 'Mlandege', 26),
(2712, 'Mshindo', 26),
(2713, 'Mtwivila', 26),
(2714, 'Mwangata', 26),
(2715, 'Nduli', 26),
(2716, 'Ruaha', 26),
(2717, 'Idodi', 0),
(2718, 'Ifunda', 0),
(2719, 'Ilolo Mpya', 0),
(2720, 'Itunundu', 0),
(2721, 'Izazi', 0),
(2722, 'Kalenga', 0),
(2723, 'Kihorogota', 0),
(2724, 'Kiwere', 0),
(2725, 'Luhota', 0),
(2726, 'Lumuli', 0),
(2727, 'Lyamgungwe', 0),
(2728, 'Maboga', 0),
(2729, 'Maguliwa', 0),
(2730, 'Mahuninga', 0),
(2731, 'Malengamakali', 0),
(2732, 'Mgama', 0),
(2733, 'Migoli', 0),
(2734, 'Mlenge', 0),
(2735, 'Mlowa', 0),
(2736, 'Mseke', 0),
(2737, 'Nduli', 0),
(2738, 'Nyang\'oro', 0),
(2739, 'Nzihi', 0),
(2740, 'Ulanda', 0),
(2741, 'Wasa', 0),
(2742, 'Kasanga', 124),
(2743, 'Katazi', 124),
(2744, 'Katete', 124),
(2745, 'Kilesha', 124),
(2746, 'Kisumba', 124),
(2747, 'Legeza Mwendo', 124),
(2748, 'Mambwekenya (Mabwekenya)', 124),
(2749, 'Matai', 124),
(2750, 'Mkali', 124),
(2751, 'Mkowe', 124),
(2752, 'Mnamba', 124),
(2753, 'Msanzi', 124),
(2754, 'Mwazye', 124),
(2755, 'Mwembenkoswe', 124),
(2756, 'Mwimbi', 124),
(2757, 'Sopa', 124),
(2758, 'Ulumi', 124),
(2759, 'Boma la Ng\'ombe', 27),
(2760, 'Dabaga', 27),
(2761, 'Ibumu', 27),
(2762, 'Idete', 27),
(2763, 'Ihimbo', 27),
(2764, 'Ilula', 27),
(2765, 'Image', 27),
(2766, 'Irole', 27),
(2767, 'Kimala', 27),
(2768, 'Lugalo', 27),
(2769, 'Mahenge', 27),
(2770, 'Masisiwe', 27),
(2771, 'Mlafu', 27),
(2772, 'Mtitu', 27),
(2773, 'Ng\'ang\'ange', 27),
(2774, 'Ng\'uruhe', 27),
(2775, 'Nyalumbu', 27),
(2776, 'Ruaha Mbuyuni', 27),
(2777, 'Udekwa', 27),
(2778, 'Uhambingeto', 27),
(2779, 'Ukumbi', 27),
(2780, 'Ukwega', 27),
(2781, 'Bujonde', 81),
(2782, 'Busale', 81),
(2783, 'Ikama', 81),
(2784, 'Ikimba', 81),
(2785, 'Ikolo', 81),
(2786, 'Ipande', 81),
(2787, 'Ipinda', 81),
(2788, 'Itope', 81),
(2789, 'Kajunjumele', 81),
(2790, 'Katumba Songwe', 81),
(2791, 'Kyela', 81),
(2792, 'Lusungo', 81),
(2793, 'Makwale', 81),
(2794, 'Matema', 81),
(2795, 'Muungano', 81),
(2796, 'Mwaya', 81),
(2797, 'Ndobo', 81),
(2798, 'Ngana', 81),
(2799, 'Ngonga', 81),
(2800, 'Talatala', 81),
(2801, 'Ibumi', 111),
(2802, 'Iwela', 111),
(2803, 'Kilondo', 111),
(2804, 'Lifuma', 111),
(2805, 'Luana', 111),
(2806, 'Ludende', 111),
(2807, 'Ludewa', 111),
(2808, 'Lugarawa', 111),
(2809, 'Luilo', 111),
(2810, 'Lumbila', 111),
(2811, 'Lupanga', 111),
(2812, 'Lupingu', 111),
(2813, 'Madilu', 111),
(2814, 'Madope', 111),
(2815, 'Makonde', 111),
(2816, 'Manda', 111),
(2817, 'Masasi', 111),
(2818, 'Mavanga', 111),
(2819, 'Mawengi', 111),
(2820, 'Milo', 111),
(2821, 'Mkongobaki', 111),
(2822, 'Mlangali', 111),
(2823, 'Mundindi', 111),
(2824, 'Nkomang\'ombe', 111),
(2825, 'Ruhuhu', 111),
(2826, 'Mafinga Town', 111),
(2827, 'Boma', 111),
(2828, 'Kinyanambo', 111),
(2829, 'Sao Hill', 111),
(2830, 'Makambako Town', 111),
(2831, 'Kitandililo', 111),
(2832, 'Lyamkena', 111),
(2833, 'Mahongole', 111),
(2834, 'Mjimwema', 111),
(2835, 'Mlowa', 111),
(2836, 'Mwembetogwa', 111),
(2837, 'Ubena', 111),
(2838, 'Utengule', 111),
(2839, 'Bulongwa', 113),
(2840, 'Ikuwo', 113),
(2841, 'Iniho', 113),
(2842, 'Ipelele', 113),
(2843, 'Ipepo', 113),
(2844, 'Isapulano', 113),
(2845, 'Itundu', 113),
(2846, 'Iwawa', 113),
(2847, 'Kigala', 113),
(2848, 'Kigulu', 113),
(2849, 'Kipagilo (Kipagalo)', 113),
(2850, 'Kitulo', 113),
(2851, 'Lupalilo', 113),
(2852, 'Lupila', 113),
(2853, 'Luwumbu', 113),
(2854, 'Mang\'oto', 113),
(2855, 'Matamba', 113),
(2856, 'Mbalatse', 113),
(2857, 'Mfumbi', 113),
(2858, 'Mlondwe', 113),
(2859, 'Tandala', 113),
(2860, 'Ukwama', 113),
(2861, 'Chimala', 0),
(2862, 'Igava', 0),
(2863, 'Igurusi', 0),
(2864, 'Ihahi', 0),
(2865, 'Imalilosongwe', 0),
(2866, 'Ipwani', 0),
(2867, 'Itamboleo (Itambaleo)', 0),
(2868, 'Kongolo', 0),
(2869, 'Lugelele', 0),
(2870, 'Luhanga', 0),
(2871, 'Madibira', 0),
(2872, 'Mahongole', 0),
(2873, 'Mapogoro', 0),
(2874, 'Mawindi', 0),
(2875, 'Miyombweni', 0),
(2876, 'Mwatenga', 0),
(2877, 'Ruiwa', 0),
(2878, 'Rujewa', 0),
(2879, 'Ubaruku', 0),
(2880, 'Utengule Usangu', 0),
(2881, 'Forest', 0),
(2882, 'Ghana', 0),
(2883, 'Iduda', 0),
(2884, 'Iganjo', 0),
(2885, 'Iganzo', 0),
(2886, 'Igawilo', 0),
(2887, 'Ilemi', 0),
(2888, 'Ilomba', 0),
(2889, 'Isanga', 0),
(2890, 'Isyesye', 0),
(2891, 'Itagano', 0),
(2892, 'Itende', 0),
(2893, 'Itezi', 0),
(2894, 'Itiji', 0),
(2895, 'Iwambi', 0),
(2896, 'Iyela', 0),
(2897, 'Iyunga', 0),
(2898, 'Iziwa', 0),
(2899, 'Kalobe', 0),
(2900, 'Maanga', 0),
(2901, 'Mabatini', 0),
(2902, 'Maendeleo', 0),
(2903, 'Majengo', 0),
(2904, 'Mbalizi Road', 0),
(2905, 'Mwakibete', 0),
(2906, 'Mwansekwa', 0),
(2907, 'Mwasanga', 0),
(2908, 'Nonde', 0),
(2909, 'Nsalaga', 0),
(2910, 'Nsoho', 0),
(2911, 'Nzovwe', 0),
(2912, 'Ruanda', 0),
(2913, 'Sinde', 0),
(2914, 'Sisimba', 0),
(2915, 'Tembela', 0),
(2916, 'Uyole', 0),
(2917, 'Bonde la Songwe', 0),
(2918, 'Igale', 0),
(2919, 'Igoma', 0),
(2920, 'Ihango', 0),
(2921, 'Ijombe', 0),
(2922, 'Ikukwa', 0),
(2923, 'Ilembo', 0),
(2924, 'Ilungu', 0),
(2925, 'Inyala', 0),
(2926, 'Isuto', 0),
(2927, 'Itawa', 0),
(2928, 'Itewe', 0),
(2929, 'Iwiji', 0),
(2930, 'Iwindi', 0),
(2931, 'Iyunga Mapinduzi', 0),
(2932, 'Lwanjiro', 0),
(2933, 'Maendeleo', 0),
(2934, 'Masoko', 0),
(2935, 'Mshewe', 0),
(2936, 'Nsalala', 0),
(2937, 'Santilya', 0),
(2938, 'Swaya', 0),
(2939, 'Tembela', 0),
(2940, 'Ulenje', 0),
(2941, 'Utengule Usongwe', 0),
(2942, 'Kambarage', 128),
(2943, 'Kigonsera', 128),
(2944, 'Kihangi Mahuka', 128),
(2945, 'Kihungu', 128),
(2946, 'Kikolo', 128),
(2947, 'Kilimani', 128),
(2948, 'Kipapa', 128),
(2949, 'Kipololo', 128),
(2950, 'Kitanda', 128),
(2951, 'Kitumbalomo', 128),
(2952, 'Kitura', 128),
(2953, 'Langiro', 128),
(2954, 'Linda', 128),
(2955, 'Litembo', 128),
(2956, 'Litumbandyosi', 128),
(2957, 'Luwaita', 128),
(2958, 'Maguu', 128),
(2959, 'Mapera', 128),
(2960, 'Matiri', 128),
(2961, 'Mbangamao', 128),
(2962, 'Mbinga Mjini', 128),
(2963, 'Mbuji', 128),
(2964, 'Mkako', 128),
(2965, 'Mkalanga (Mikalanga)', 128),
(2966, 'Mkumbi', 128),
(2967, 'Mpapa', 128),
(2968, 'Mpepai', 128),
(2969, 'Myangayanga', 128),
(2970, 'Namswea', 128),
(2971, 'Ngima', 128),
(2972, 'Nyoni', 128),
(2973, 'Ruanda', 128),
(2974, 'Ukata', 128),
(2975, 'Utiri', 128),
(2976, 'Bara', 151),
(2977, 'Halungu', 151),
(2978, 'Igamba', 151),
(2979, 'Ihanda', 151),
(2980, 'Ipunga', 151),
(2981, 'Isandula', 151),
(2982, 'Isansa', 151),
(2983, 'Itaka', 151),
(2984, 'Iyula', 151),
(2985, 'Mlangali', 151),
(2986, 'Mlowo', 151),
(2987, 'Msia', 151),
(2988, 'Myovizi', 151),
(2989, 'Nambinzo', 151),
(2990, 'Nanyala', 151),
(2991, 'Nyimbili (Nyambili)', 151),
(2992, 'Ruanda', 151),
(2993, 'Vwawa', 151),
(2994, 'Ikuba', 38),
(2995, 'Ilela', 38),
(2996, 'Ilunde', 38),
(2997, 'Inyonga', 38),
(2998, 'Itenka', 38),
(2999, 'Kapalala', 38),
(3000, 'Kasansa', 38),
(3001, 'Kasokola', 38),
(3002, 'Kibaoni', 38),
(3003, 'Litapunga', 38),
(3004, 'Machimboni', 38),
(3005, 'Magamba', 38),
(3006, 'Majimoto', 38),
(3007, 'Mamba', 38),
(3008, 'Mbede', 38),
(3009, 'Mtapenda', 38),
(3010, 'Mwamapuli', 38),
(3011, 'Nsenkwa', 38),
(3012, 'Nsimbo', 38),
(3013, 'Sitalike', 38),
(3014, 'Ugala', 38),
(3015, 'Urwila (Urwira)', 38),
(3016, 'Usevya', 38),
(3017, 'Utende', 38),
(3018, 'Chilulumo', 152),
(3019, 'Chitete', 152),
(3020, 'Chiwezi', 152),
(3021, 'Ivuna', 152),
(3022, 'Kamsamba', 152),
(3023, 'Kapele', 152),
(3024, 'Mkulwe', 152),
(3025, 'Mpapa', 152),
(3026, 'Msangano', 152),
(3027, 'Myunga', 152),
(3028, 'Ndalambo (Ndalembo)', 152),
(3029, 'Nkangamo', 152),
(3030, 'Nzoka', 152),
(3031, 'Ikola', 39),
(3032, 'Kabungu', 39),
(3033, 'Kapalamsenga', 39),
(3034, 'Karema', 39),
(3035, 'Katuma', 39),
(3036, 'Mishamo', 39),
(3037, 'Mpandandogo', 39),
(3038, 'Mwese', 39),
(3039, 'Sibwesa', 39),
(3040, 'Mpanda Town', 39),
(3041, 'Ilembo', 39),
(3042, 'Kakese', 39),
(3043, 'Kashaulili', 39),
(3044, 'Kawajense', 39),
(3045, 'Makanyagio', 39),
(3046, 'Misunkumilo', 39),
(3047, 'Mpanda Hotel', 39),
(3048, 'Nsemulwa', 39),
(3049, 'Shanwe', 39),
(3050, 'Bumilayinga', 29),
(3051, 'Idunda', 29),
(3052, 'Ifwagi', 29),
(3053, 'Igombavu (Igombavanu)', 29),
(3054, 'Igowole', 29),
(3055, 'Ihalimba', 29),
(3056, 'Ihanu', 29),
(3057, 'Ihowanza', 29),
(3058, 'Ikweha', 29),
(3059, 'Isalavanu', 29),
(3060, 'Itandula', 29),
(3061, 'Kasanga', 29),
(3062, 'Kibengu', 29),
(3063, 'Kiyowela', 29),
(3064, 'Luhunga (Luhanga)', 29),
(3065, 'Makungu', 29),
(3066, 'Malangali', 29),
(3067, 'Mapanda', 29),
(3068, 'Mbalamaziwa', 29),
(3069, 'Mdabulo', 29),
(3070, 'Mninga', 29),
(3071, 'Mpanga', 29),
(3072, 'Mtambula', 29),
(3073, 'Mtwango', 29),
(3074, 'Nyololo', 29),
(3075, 'Rungemba', 29),
(3076, 'Sadani', 29),
(3077, 'Hanga', 132),
(3078, 'Kitanda', 132),
(3079, 'Ligera', 132),
(3080, 'Likuyuseka', 132),
(3081, 'Limamu', 132),
(3082, 'Litola', 132),
(3083, 'Luchili', 132),
(3084, 'Luegu', 132),
(3085, 'Lusewa', 132),
(3086, 'Magazini', 132),
(3087, 'Mchomoro', 132),
(3088, 'Mgombasi', 132),
(3089, 'Mkongo', 132),
(3090, 'Mputa', 132),
(3091, 'Msindo', 132),
(3092, 'Namabengo', 132),
(3093, 'Namtumbo', 132),
(3094, 'Rwinga', 132),
(3095, 'Idamba', 0),
(3096, 'Igongolo', 0),
(3097, 'Ikondo', 0),
(3098, 'Ikuna', 0),
(3099, 'Kichiwa', 0),
(3100, 'Kidegembye', 0),
(3101, 'Lupembe', 0),
(3102, 'Matembwe', 0),
(3103, 'Mfriga', 0),
(3104, 'Mtwango', 0),
(3105, 'Ninga', 0),
(3106, 'Njombe Town', 0),
(3107, 'Ihanga', 0),
(3108, 'Iwungilo', 0),
(3109, 'Kifanya', 0),
(3110, 'Lugenge', 0),
(3111, 'Luponde', 0),
(3112, 'Makowo', 0),
(3113, 'Matola', 0),
(3114, 'Mjimwema', 0),
(3115, 'Njombe Mjini', 0),
(3116, 'Ramadhani', 0),
(3117, 'Utalingolo', 0),
(3118, 'Uwemba', 0),
(3119, 'Yakobi', 0),
(3120, 'Chala', 125),
(3121, 'Isale', 125),
(3122, 'Kabwe', 125),
(3123, 'Kala', 125),
(3124, 'Kate', 125),
(3125, 'Kipande', 125),
(3126, 'Kipili', 125),
(3127, 'Kirando', 125),
(3128, 'Korongwe', 125),
(3129, 'Mkwamba', 125),
(3130, 'Mtenga', 125),
(3131, 'Namanyere', 125),
(3132, 'Ninde', 125),
(3133, 'Nkandasi', 125),
(3134, 'Nkomolo', 125),
(3135, 'Sintali', 125),
(3136, 'Wampembe', 125),
(3137, 'Chiwanda', 133),
(3138, 'Kihagara', 133),
(3139, 'Kilosa', 133),
(3140, 'Kingerikiti', 133),
(3141, 'Liparamba', 133),
(3142, 'Lipingo', 133),
(3143, 'Lituhi', 133),
(3144, 'Liuli', 133),
(3145, 'Liwundi', 133),
(3146, 'Luhangarasi', 133),
(3147, 'Mbaha', 133),
(3148, 'Mbambabay', 133),
(3149, 'Mtipwili', 133),
(3150, 'Ngumbo', 133),
(3151, 'Tingi', 133),
(3152, 'Bagamoyo', 0),
(3153, 'Bujela', 0),
(3154, 'Bulyaga', 0),
(3155, 'Ibighi', 0),
(3156, 'Ikama', 0),
(3157, 'Ikuti', 0),
(3158, 'Ilima', 0),
(3159, 'Isange', 0),
(3160, 'Isongole', 0),
(3161, 'Itete', 0),
(3162, 'Kabula', 0),
(3163, 'Kambasegela', 0),
(3164, 'Kandete', 0),
(3165, 'Kawetele', 0),
(3166, 'Kikole', 0),
(3167, 'Kinyala', 0),
(3168, 'Kisegese', 0),
(3169, 'Kisiba', 0),
(3170, 'Kisondela', 0),
(3171, 'Kiwira', 0),
(3172, 'Kyimo', 0),
(3173, 'Lufilyo', 0),
(3174, 'Lufingo', 0),
(3175, 'Lupata', 0),
(3176, 'Luteba', 0),
(3177, 'Lwangwa', 0),
(3178, 'Makandana', 0),
(3179, 'Malindo', 0),
(3180, 'Masebe', 0),
(3181, 'Masoko', 0),
(3182, 'Masukulu', 0),
(3183, 'Mpombo', 0),
(3184, 'Mpuguso', 0),
(3185, 'Msasani', 0),
(3186, 'Nkunga', 0),
(3187, 'Suma', 0),
(3188, 'Swaya', 0),
(3189, 'Bombambili', 130),
(3190, 'Lilambo', 130),
(3191, 'Lizaboni', 130),
(3192, 'Majengo', 130),
(3193, 'Matarawe', 130),
(3194, 'Mateka', 130),
(3195, 'Matogoro', 130),
(3196, 'Mfaranyaki', 130),
(3197, 'Misufini', 130),
(3198, 'Mjimwema', 130),
(3199, 'Mletele', 130),
(3200, 'Msamala', 130),
(3201, 'Mshangano', 130),
(3202, 'Mwengemshindo', 130),
(3203, 'Ndilimalitembo', 130),
(3204, 'Ruhuwiko', 130),
(3205, 'Ruvuma', 130),
(3206, 'SeedFarm', 130),
(3207, 'Songea Mjini', 130),
(3208, 'Subira', 130),
(3209, 'Tanga', 130),
(3210, 'Gumbiro', 0),
(3211, 'Kilagano', 0),
(3212, 'Litisha', 0),
(3213, 'Magagura', 0),
(3214, 'Mahanje', 0),
(3215, 'Maposeni', 0),
(3216, 'Matimira', 0),
(3217, 'Matumbi', 0),
(3218, 'Mbinga Mhalule', 0),
(3219, 'Mkongotema', 0),
(3220, 'Mpandangindo (Mpandangino)', 0),
(3221, 'Mpitimbi', 0),
(3222, 'Mtyangimbole', 0),
(3223, 'Muhukuru (Muhuruku)', 0),
(3224, 'Ndongosi', 0),
(3225, 'Peramiho', 0),
(3226, 'Wino', 0),
(3227, 'Galula', 0),
(3228, 'Gua', 0),
(3229, 'Ifwenkenya (Ifyenkenya)', 0),
(3230, 'Kanga', 0),
(3231, 'Kapalala', 0),
(3232, 'Magamba', 0),
(3233, 'Mbangala', 0),
(3234, 'Mbuyuni', 0),
(3235, 'Mkwajuni', 0),
(3236, 'Mwambani', 0),
(3237, 'Namkukwe', 0),
(3238, 'Ngwala', 0),
(3239, 'Saza', 0),
(3240, 'Totowe', 0),
(3241, 'Chanji', 127),
(3242, 'Izia', 127),
(3243, 'Kasense', 127),
(3244, 'Katandala', 127),
(3245, 'Kizwite', 127),
(3246, 'Majengo', 127),
(3247, 'Malangali', 127),
(3248, 'Matanga', 127),
(3249, 'Mazwi', 127),
(3250, 'Milanzi', 127),
(3251, 'Mollo', 127),
(3252, 'Ntendo', 127),
(3253, 'Old Sumbawanga', 127),
(3254, 'Pito', 127),
(3255, 'Senga', 127),
(3256, 'Ilemba', 0),
(3257, 'Kaengesa', 0),
(3258, 'Kalambanzite', 0),
(3259, 'Kaoze', 0),
(3260, 'Kipeta', 0),
(3261, 'Laela', 0),
(3262, 'Lusaka', 0),
(3263, 'Mfinga', 0),
(3264, 'Miangalua', 0),
(3265, 'Milepa', 0),
(3266, 'Mpui', 0),
(3267, 'Msanda Muungano', 0),
(3268, 'Mtowisa', 0),
(3269, 'Muze', 0),
(3270, 'Sandulula', 0),
(3271, 'Tunduma Town', 0),
(3272, 'Tunduma', 0),
(3273, 'Jakika', 131),
(3274, 'Kalulu', 131),
(3275, 'Kidodoma', 131),
(3276, 'Ligoma', 131),
(3277, 'Ligunga', 131),
(3278, 'Lukumbule', 131),
(3279, 'Majengo', 131),
(3280, 'Marumba', 131),
(3281, 'Masonya', 131),
(3282, 'Matemanga', 131),
(3283, 'Mbati', 131),
(3284, 'Mbesa', 131),
(3285, 'Mchangani', 131),
(3286, 'Mchesi', 131),
(3287, 'Mchoteka', 131),
(3288, 'Mchuluka', 131),
(3289, 'Mindu', 131),
(3290, 'Misechela', 131),
(3291, 'Mlingoti Magharibi', 131),
(3292, 'Mlingoti Mashariki', 131),
(3293, 'Mtina', 131),
(3294, 'Muhuwesi', 131),
(3295, 'Nakapanya', 131),
(3296, 'Nakayaya', 131),
(3297, 'Nalasi Magharibi', 131),
(3298, 'Nalasi Mashariki', 131),
(3299, 'Namasakata', 131),
(3300, 'Namiungo', 131),
(3301, 'Nampungu', 131),
(3302, 'Namwinyu', 131),
(3303, 'Nandembo', 131),
(3304, 'Nanjoka', 131),
(3305, 'Ngapa', 131),
(3306, 'Sisikwasisi', 131),
(3307, 'Tuwemacho', 131),
(3308, 'Igima', 116),
(3309, 'Igosi', 116),
(3310, 'Igwachanya', 116),
(3311, 'Ilembula', 116),
(3312, 'Imalinyi', 116),
(3313, 'Kidugala', 116),
(3314, 'Kijombe', 116),
(3315, 'Kipengere', 116),
(3316, 'Luduga', 116),
(3317, 'Makoga', 116),
(3318, 'Mdandu', 116),
(3319, 'Saja', 116),
(3320, 'Uhambule', 116),
(3321, 'Ulembwe', 116),
(3322, 'Usuka', 116),
(3323, 'Wangama', 116),
(3324, 'Wanging\'ombe', 116),
(3325, 'Chachani', 56),
(3326, 'Chanjaani', 56),
(3327, 'Chonga', 56),
(3328, 'Dodo', 56),
(3329, 'Kibokoni', 56),
(3330, 'Kichungwani', 56),
(3331, 'Kilindi', 56),
(3332, 'Kwale', 56),
(3333, 'Madungu', 56),
(3334, 'Matale', 56),
(3335, 'Mbuzini', 56),
(3336, 'Mfikiwa', 56),
(3337, 'Mgelema', 56),
(3338, 'Mgogoni', 56),
(3339, 'Michungwani', 56),
(3340, 'Mkoroshoni', 56),
(3341, 'Msingini', 56),
(3342, 'Mvumoni', 56),
(3343, 'Ndagoni', 56),
(3344, 'Ng\'ambwa', 56),
(3345, 'Pujini', 56),
(3346, 'Shungi', 56),
(3347, 'Tibirinzi', 56),
(3348, 'Uwandani', 56),
(3349, 'Vitongoji', 56),
(3350, 'Wara', 56),
(3351, 'Wawi', 56),
(3352, 'Wesha', 56),
(3353, 'Ziwani', 56),
(3354, 'Bandamaji', 171),
(3355, 'Bwereu', 171),
(3356, 'Chaani Kubwa', 171),
(3357, 'Chaani Masingini', 171),
(3358, 'Chutama', 171),
(3359, 'Fukuchani', 171),
(3360, 'Gamba', 171),
(3361, 'Kandwi', 171),
(3362, 'Kibeni', 171),
(3363, 'Kidombo', 171),
(3364, 'Kidoti', 171),
(3365, 'Kigomani', 171),
(3366, 'Kigunda', 171),
(3367, 'Kijini', 171),
(3368, 'Kikobweni', 171),
(3369, 'Kilimani', 171),
(3370, 'Kilindi', 171),
(3371, 'Kinyasini', 171),
(3372, 'Kisongoni', 171),
(3373, 'Kivunge', 171),
(3374, 'Matemwe', 171),
(3375, 'Mchenza Shauri (Mcheza Shauri)', 171),
(3376, 'Mkokotoni', 171),
(3377, 'Mkwajuni', 171),
(3378, 'Moga', 171),
(3379, 'Mto wa Pwani', 171),
(3380, 'Muwange', 171),
(3381, 'Nungwi', 171),
(3382, 'Pale', 171),
(3383, 'Pitanazako', 171),
(3384, 'Potoa (Potowa)', 171),
(3385, 'Pwani Mchangani', 171),
(3386, 'Tazari', 171),
(3387, 'Tumbatu Gomani', 171),
(3388, 'Tumbatu Jongowe', 171),
(3389, 'Uvivini', 171),
(3390, 'Donge Karange', 172),
(3391, 'Donge Kipange', 172),
(3392, 'Donge Mbiji', 172),
(3393, 'Donge Mchangani', 172),
(3394, 'Donge Mtambile', 172),
(3395, 'Donge Vijibweni', 172),
(3396, 'Fujoni', 172),
(3397, 'Kidanzini', 172),
(3398, 'Kilombero', 172),
(3399, 'Kinduni', 172),
(3400, 'Kiombamvua', 172),
(3401, 'Kitope', 172),
(3402, 'Kiwengwa', 172),
(3403, 'Mafufuni', 172),
(3404, 'Mahonda', 172),
(3405, 'Makoba', 172),
(3406, 'Mangapwani', 172),
(3407, 'Matetema', 172),
(3408, 'Mbaleni', 172),
(3409, 'Mgambo', 172),
(3410, 'Misufini', 172),
(3411, 'Mkadini', 172),
(3412, 'Mkataleni', 172),
(3413, 'Mnyimbi', 172),
(3414, 'Muwanda', 172),
(3415, 'Njia ya Mtoni', 172),
(3416, 'Pangeni', 172),
(3417, 'Upenja', 172),
(3418, 'Zingwezingwe', 172),
(3419, 'Bambi', 0),
(3420, 'Binguni', 0),
(3421, 'Bungi', 0),
(3422, 'Charawe', 0),
(3423, 'Cheju', 0),
(3424, 'Chwaka', 0),
(3425, 'Dunga Bweni', 0),
(3426, 'Dunga Kiembeni', 0),
(3427, 'Ghana', 0),
(3428, 'Jendele', 0),
(3429, 'Jumbi', 0),
(3430, 'Kiboje Mkwajuni', 0),
(3431, 'Kiboje Mwembeshauri (Kiboje Muembeshauri)', 0),
(3432, 'Kidimni', 0),
(3433, 'Kikungwi', 0),
(3434, 'Koani', 0),
(3435, 'Machui', 0),
(3436, 'Marumbi', 0),
(3437, 'Mchangani', 0),
(3438, 'Mgeni Haji', 0),
(3439, 'Michamvi', 0),
(3440, 'Mitakawani', 0),
(3441, 'Miwani', 0),
(3442, 'Mpapa', 0),
(3443, 'Ndijani Mseweni', 0),
(3444, 'Ndijani Mwembepunda (Ndijani Muembe Punda)', 0),
(3445, 'Ng\'ambwa', 0),
(3446, 'Pagali', 0),
(3447, 'Pongwe', 0),
(3448, 'Tindini', 0),
(3449, 'Tunduni', 0),
(3450, 'Tunguu', 0),
(3451, 'Ubago', 0),
(3452, 'Ukongoroni', 0),
(3453, 'Umbuji', 0),
(3454, 'Unguja Ukuu Kaebona', 0),
(3455, 'Unguja Ukuu Kaepwani', 0),
(3456, 'Uroa', 0),
(3457, 'Uzi', 0),
(3458, 'Uzini', 0),
(3459, 'Bwejuu', 0),
(3460, 'Dongwe', 0),
(3461, 'Jambiani Kibigija', 0),
(3462, 'Jambiani Kikadini', 0),
(3463, 'Kajengwa', 0),
(3464, 'Kibuteni', 0),
(3465, 'Kijini', 0),
(3466, 'Kiongoni', 0),
(3467, 'Kitogani', 0),
(3468, 'Kizimkazi Dimbani', 0),
(3469, 'Kizimkazi Mkunguni', 0),
(3470, 'Mtende', 0),
(3471, 'Muungoni', 0),
(3472, 'Muyuni A', 0),
(3473, 'Muyuni B', 0),
(3474, 'Muyuni C', 0),
(3475, 'Mzuri', 0),
(3476, 'Nganani', 0),
(3477, 'Paje', 0),
(3478, 'Pete', 0),
(3479, 'Tasani', 0),
(3480, 'Bububu', 0),
(3481, 'Bumbwisudi', 0),
(3482, 'Bweleo', 0),
(3483, 'Chuini', 0),
(3484, 'Chukwani', 0),
(3485, 'Dimani', 0),
(3486, 'Dole', 0),
(3487, 'Fumba', 0),
(3488, 'Fuoni Kibondeni', 0),
(3489, 'Fuoni Kijito Upele', 0),
(3490, 'Kama', 0),
(3491, 'Kianga', 0),
(3492, 'Kibweni', 0),
(3493, 'Kiembesamaki', 0),
(3494, 'Kihinani', 0),
(3495, 'Kinuni', 0),
(3496, 'Kisauni', 0),
(3497, 'Kizimbani', 0),
(3498, 'Kombeni', 0),
(3499, 'Magogoni', 0),
(3500, 'Maungani', 0),
(3501, 'Mbuzini', 0),
(3502, 'Meli Nne (Melinne)', 0),
(3503, 'Mfenesini', 0),
(3504, 'Mombasa', 0),
(3505, 'Mtoni', 0),
(3506, 'Mtoni Kidatu', 0),
(3507, 'Mto Pepo', 0),
(3508, 'Mtufaani', 0),
(3509, 'Mwakaje', 0),
(3510, 'Mwanakwerekwe', 0),
(3511, 'Mwanyanya', 0),
(3512, 'Mwera', 0),
(3513, 'Nyamanzi', 0),
(3514, 'Pangawe', 0),
(3515, 'Shakani', 0),
(3516, 'Sharifu Msa', 0),
(3517, 'Tomondo', 0),
(3518, 'Welezo', 0),
(3519, 'Chimba', 173),
(3520, 'Finya', 173),
(3521, 'Kifundi', 173),
(3522, 'Kinowe', 173),
(3523, 'Kinyasini', 173),
(3524, 'Kiuyu Mbuyuni', 173),
(3525, 'Konde', 173),
(3526, 'Majenzi', 173),
(3527, 'Makangale', 173),
(3528, 'Maziwa Ng\'ombe', 173),
(3529, 'Mgogoni', 173),
(3530, 'Micheweni', 173),
(3531, 'Mihogoni', 173),
(3532, 'Mjini Wingwi', 173),
(3533, 'Mlindo', 173),
(3534, 'Msuka Magharibi', 173),
(3535, 'Msuka Mashariki', 173),
(3536, 'Mtemani', 173),
(3537, 'Shumba Mjini', 173),
(3538, 'Shumba Viamboni', 173),
(3539, 'Sizini', 173),
(3540, 'Tondooni', 173),
(3541, 'Tumbe ', 173),
(3542, 'Tumbe Mashariki', 173),
(3543, 'Wingwi Mapofu', 173),
(3544, 'Wingwi Mjananza', 173),
(3545, 'Wingwi Njuguni', 173),
(3546, 'Mjini Zanzibar', 173),
(3547, 'Amani', 173),
(3548, 'Chumbuni', 173),
(3549, 'Gulioni', 173),
(3550, 'Jang\'ombe', 173),
(3551, 'Karakana', 173),
(3552, 'Kidongo Chekundu', 173),
(3553, 'Kikwajuni Bondeni', 173),
(3554, 'Kikwajuni Juu', 173),
(3555, 'Kilimahewa Bondeni', 173),
(3556, 'Kilimahewa Juu', 173),
(3557, 'Kilimani', 173),
(3558, 'Kiponda', 173),
(3559, 'Kisima Majongoo', 173),
(3560, 'Kisiwandui', 173),
(3561, 'Kwaalimsha', 173),
(3562, 'Kwaalinatu', 173),
(3563, 'Kwahani', 173),
(3564, 'Kwamtipura', 173),
(3565, 'Kwa Wazee', 173),
(3566, 'Magomeni', 173),
(3567, 'Makadara', 173),
(3568, 'Malindi', 173),
(3569, 'Matarumbeta', 173),
(3570, 'Mchangani', 173),
(3571, 'Meya', 173),
(3572, 'Miembeni', 173),
(3573, 'Migombani', 173),
(3574, 'Mikunguni', 173),
(3575, 'Mkele', 173),
(3576, 'Mkunazini', 173),
(3577, 'Mlandege', 173),
(3578, 'Mpendae', 173),
(3579, 'Muungano', 173),
(3580, 'Mwembeladu', 173),
(3581, 'Mwembe Makumbi', 173),
(3582, 'Mwembeshauri (Muembeshauri)', 173),
(3583, 'Mwembetanga (Muembetanga)', 173),
(3584, 'Nyerere', 173),
(3585, 'Rahaleo', 173),
(3586, 'Sebleni', 173),
(3587, 'Shangani', 173),
(3588, 'Shaurimoyo', 173),
(3589, 'Sogea', 173),
(3590, 'Urusi', 173),
(3591, 'Vikokotoni', 173),
(3592, 'Chambani', 57),
(3593, 'Changaweni', 57),
(3594, 'Chokocho', 57),
(3595, 'Chumbageni', 57),
(3596, 'Jombwe', 57),
(3597, 'Kangani', 57),
(3598, 'Kendwa', 57),
(3599, 'Kengeja', 57),
(3600, 'Kisiwa Panza', 57),
(3601, 'Kiwani', 57),
(3602, 'Kuukuu', 57),
(3603, 'Makombeni', 57),
(3604, 'Makoongwe', 57),
(3605, 'Mbuguani', 57),
(3606, 'Mbuyuni', 57),
(3607, 'Mgagadu', 57),
(3608, 'Michenzani', 57),
(3609, 'Minazini', 57),
(3610, 'Mizingani', 57),
(3611, 'Mjimbini', 57),
(3612, 'Mkanyageni', 57),
(3613, 'Mkungu', 57),
(3614, 'Mtambile', 57),
(3615, 'Mtangani', 57),
(3616, 'Muambe', 57),
(3617, 'Ng\'ombeni', 57),
(3618, 'Ngwachani', 57),
(3619, 'Shamiani', 57),
(3620, 'Shidi', 57),
(3621, 'Stahabu', 57),
(3622, 'Ukutini', 57),
(3623, 'Uweleni', 57),
(3624, 'Wambaa', 57),
(3625, 'Bopwe', 174),
(3626, 'Chwale', 174),
(3627, 'Fundo', 174),
(3628, 'Gando', 174),
(3629, 'Jadida', 174),
(3630, 'Junguni', 174),
(3631, 'Kambini', 174),
(3632, 'Kangagani', 174),
(3633, 'Kinyikani', 174),
(3634, 'Kipangani', 174),
(3635, 'Kisiwani', 174),
(3636, 'Kiungoni', 174),
(3637, 'Kiuyu Kigongoni', 174),
(3638, 'Kiuyu Minungwini', 174),
(3639, 'Kizimbani', 174),
(3640, 'Kojani', 174),
(3641, 'Limbani', 174),
(3642, 'Maziwani', 174),
(3643, 'Mchanga Mdogo', 174),
(3644, 'Mjini Ole', 174),
(3645, 'Mpambani', 174),
(3646, 'Mtambwe Kaskazini', 174),
(3647, 'Mtambwe Kusini', 174),
(3648, 'Mzambarauni Takao', 174),
(3649, 'Ole', 174),
(3650, 'Pandani', 174),
(3651, 'Pembeni', 174),
(3652, 'Piki', 174),
(3653, 'Selem', 174),
(3654, 'Shengejuu', 174),
(3655, 'Ukunjwi', 174),
(3656, 'Utaani', 174);

--
-- Indexes for dumped tables
--

--
-- Indexes for table `districts`
--
ALTER TABLE `districts`
  ADD PRIMARY KEY (`id`);

--
-- Indexes for table `regions`
--
ALTER TABLE `regions`
  ADD PRIMARY KEY (`id`);

--
-- Indexes for table `wards`
--
ALTER TABLE `wards`
  ADD PRIMARY KEY (`id`);

--
-- AUTO_INCREMENT for dumped tables
--

--
-- AUTO_INCREMENT for table `districts`
--
ALTER TABLE `districts`
  MODIFY `id` int(11) NOT NULL AUTO_INCREMENT, AUTO_INCREMENT=177;

--
-- AUTO_INCREMENT for table `regions`
--
ALTER TABLE `regions`
  MODIFY `id` int(11) NOT NULL AUTO_INCREMENT, AUTO_INCREMENT=32;

--
-- AUTO_INCREMENT for table `wards`
--
ALTER TABLE `wards`
  MODIFY `id` int(11) NOT NULL AUTO_INCREMENT, AUTO_INCREMENT=3657;
COMMIT;

/*!40101 SET CHARACTER_SET_CLIENT=@OLD_CHARACTER_SET_CLIENT */;
/*!40101 SET CHARACTER_SET_RESULTS=@OLD_CHARACTER_SET_RESULTS */;
/*!40101 SET COLLATION_CONNECTION=@OLD_COLLATION_CONNECTION */;
